#,"Date Time, GMT-05:00","DO conc, mg/L (LGR S/N: 20364363, SEN S/N: 20364363)","Temp, °C (LGR S/N: 20364363, SEN S/N: 20364363)",Coupler Attached (LGR S/N: 20364363),Host Connected (LGR S/N: 20364363),End Of File (LGR S/N: 20364363)
1,6/21/22 10:00,8.65,22.32,,,
2,6/21/22 10:30,8.3,24.9,,,
3,6/21/22 11:00,10.3,26.22,,,
4,6/21/22 11:30,10.76,25.2,,,
5,6/21/22 12:00,10.87,25.3,,,
6,6/21/22 12:30,10.99,25.38,,,
7,6/21/22 13:00,11.05,25.48,,,
8,6/21/22 13:30,11.11,25.54,,,
9,6/21/22 14:00,11.16,25.68,,,
10,6/21/22 14:30,11.19,25.78,,,
11,6/21/22 15:00,11.19,25.92,,,
12,6/21/22 15:30,11.26,26.06,,,
13,6/21/22 16:00,11.32,26.18,,,
14,6/21/22 16:30,11.36,26.26,,,
15,6/21/22 17:00,11.34,26.3,,,
16,6/21/22 17:30,11.35,26.28,,,
17,6/21/22 18:00,11.21,26.24,,,
18,6/21/22 18:30,11.21,26.34,,,
19,6/21/22 19:00,11.18,26.4,,,
20,6/21/22 19:30,11.21,26.54,,,
21,6/21/22 20:00,11.22,26.58,,,
22,6/21/22 20:30,11.15,26.5,,,
23,6/21/22 21:00,11.12,26.38,,,
24,6/21/22 21:30,11.09,26.34,,,
25,6/21/22 22:00,11.14,26.34,,,
26,6/21/22 22:30,11.06,26.32,,,
27,6/21/22 23:00,11.02,26.3,,,
28,6/21/22 23:30,11,26.26,,,
29,6/22/22 0:00,10.89,26.24,,,
30,6/22/22 0:30,10.85,26.22,,,
31,6/22/22 1:00,10.95,26.2,,,
32,6/22/22 1:30,10.91,26.16,,,
33,6/22/22 2:00,10.82,26.12,,,
34,6/22/22 2:30,10.73,26.04,,,
35,6/22/22 3:00,10.65,25.98,,,
36,6/22/22 3:30,10.58,25.94,,,
37,6/22/22 4:00,10.52,25.9,,,
38,6/22/22 4:30,10.44,25.84,,,
39,6/22/22 5:00,10.43,25.8,,,
40,6/22/22 5:30,10.41,25.74,,,
41,6/22/22 6:00,10.36,25.72,,,
42,6/22/22 6:30,10.31,25.68,,,
43,6/22/22 7:00,10.31,25.64,,,
44,6/22/22 7:30,10.32,25.6,,,
45,6/22/22 8:00,10.31,25.58,,,
46,6/22/22 8:30,10.35,25.6,,,
47,6/22/22 9:00,10.43,25.62,,,
48,6/22/22 9:30,10.52,25.68,,,
49,6/22/22 10:00,10.59,25.76,,,
50,6/22/22 10:30,10.69,25.86,,,
51,6/22/22 11:00,10.74,26.02,,,
52,6/22/22 11:30,10.83,26.12,,,
53,6/22/22 12:00,10.87,26.18,,,
54,6/22/22 12:30,10.91,26.28,,,
55,6/22/22 13:00,11,26.34,,,
56,6/22/22 13:30,11.11,26.4,,,
57,6/22/22 14:00,11.22,26.48,,,
58,6/22/22 14:30,11.31,26.6,,,
59,6/22/22 15:00,11.39,26.74,,,
60,6/22/22 15:30,11.48,26.78,,,
61,6/22/22 16:00,11.54,26.8,,,
62,6/22/22 16:30,11.53,26.8,,,
63,6/22/22 17:00,11.59,26.84,,,
64,6/22/22 17:30,11.6,26.86,,,
65,6/22/22 18:00,11.59,26.88,,,
66,6/22/22 18:30,11.62,26.84,,,
67,6/22/22 19:00,11.62,26.84,,,
68,6/22/22 19:30,11.59,26.8,,,
69,6/22/22 20:00,11.57,26.72,,,
70,6/22/22 20:30,11.52,26.7,,,
71,6/22/22 21:00,11.45,26.68,,,
72,6/22/22 21:30,11.41,26.64,,,
73,6/22/22 22:00,11.35,26.58,,,
74,6/22/22 22:30,11.29,26.52,,,
75,6/22/22 23:00,11.27,26.46,,,
76,6/22/22 23:30,11.17,26.4,,,
77,6/23/22 0:00,11.19,26.34,,,
78,6/23/22 0:30,11.12,26.28,,,
79,6/23/22 1:00,11.12,26.24,,,
80,6/23/22 1:30,11.02,26.18,,,
81,6/23/22 2:00,10.85,26.12,,,
82,6/23/22 2:30,10.92,26.06,,,
83,6/23/22 3:00,10.79,26,,,
84,6/23/22 3:30,10.72,25.94,,,
85,6/23/22 4:00,10.61,25.88,,,
86,6/23/22 4:30,10.55,25.82,,,
87,6/23/22 5:00,10.44,25.78,,,
88,6/23/22 5:30,10.35,25.74,,,
89,6/23/22 6:00,10.32,25.7,,,
90,6/23/22 6:30,10.33,25.7,,,
91,6/23/22 7:00,10.24,25.7,,,
92,6/23/22 7:30,10.23,25.74,,,
93,6/23/22 8:00,10.35,25.82,,,
94,6/23/22 8:30,10.71,25.82,,,
95,6/23/22 9:00,10.53,25.94,,,
96,6/23/22 9:30,10.45,26.1,,,
97,6/23/22 10:00,10.44,26.26,,,
98,6/23/22 10:30,10.71,26.36,,,
99,6/23/22 11:00,10.98,26.4,,,
100,6/23/22 11:30,11.23,26.48,,,
101,6/23/22 12:00,11.27,26.7,,,
102,6/23/22 12:30,11.33,26.86,,,
103,6/23/22 13:00,11.32,27.26,,,
104,6/23/22 13:30,11.32,27.62,,,
105,6/23/22 14:00,11.35,27.9,,,
106,6/23/22 14:30,11.19,28.5,,,
107,6/23/22 15:00,11.37,28.76,,,
108,6/23/22 15:30,11.45,28.62,,,
109,6/23/22 16:00,11.37,28.78,,,
110,6/23/22 16:30,11.5,28.86,,,
111,6/23/22 17:00,11.57,28.76,,,
112,6/23/22 17:30,11.71,28.62,,,
113,6/23/22 18:00,11.89,28.4,,,
114,6/23/22 18:30,12.01,28.28,,,
115,6/23/22 19:00,12.1,28.08,,,
116,6/23/22 19:30,12.3,27.84,,,
117,6/23/22 20:00,12.44,27.66,,,
118,6/23/22 20:30,12.5,27.54,,,
119,6/23/22 21:00,12.46,27.4,,,
120,6/23/22 21:30,12.31,27.34,,,
121,6/23/22 22:00,12.31,27.32,,,
122,6/23/22 22:30,12.12,27.28,,,
123,6/23/22 23:00,12.42,27.3,,,
124,6/23/22 23:30,12.42,27.36,,,
125,6/24/22 0:00,12.27,27.32,,,
126,6/24/22 0:30,12.26,27.28,,,
127,6/24/22 1:00,12.12,27.24,,,
128,6/24/22 1:30,12.09,27.22,,,
129,6/24/22 2:00,11.97,27.18,,,
130,6/24/22 2:30,11.93,27.14,,,
131,6/24/22 3:00,11.85,27.08,,,
132,6/24/22 3:30,11.73,27.02,,,
133,6/24/22 4:00,11.66,26.94,,,
134,6/24/22 4:30,11.5,26.88,,,
135,6/24/22 5:00,11.47,26.8,,,
136,6/24/22 5:30,11.3,26.74,,,
137,6/24/22 6:00,11.26,26.68,,,
138,6/24/22 6:30,11.36,26.6,,,
139,6/24/22 7:00,11.35,26.58,,,
140,6/24/22 7:30,11.33,26.6,,,
141,6/24/22 8:00,11.48,26.62,,,
142,6/24/22 8:30,11.45,26.68,,,
143,6/24/22 9:00,11.75,26.7,,,
144,6/24/22 9:30,11.91,26.76,,,
145,6/24/22 10:00,11.99,26.84,,,
146,6/24/22 10:30,12.01,26.9,,,
147,6/24/22 11:00,12.02,26.96,,,
148,6/24/22 11:30,12.07,27.04,,,
149,6/24/22 12:00,12.12,27.16,,,
150,6/24/22 12:30,12.2,27.24,,,
151,6/24/22 13:00,12.22,27.36,,,
152,6/24/22 13:30,12.33,27.44,,,
153,6/24/22 14:00,12.3,27.58,,,
154,6/24/22 14:30,12.22,27.74,,,
155,6/24/22 15:00,12.18,27.82,,,
156,6/24/22 15:30,12.47,27.88,,,
157,6/24/22 16:00,12.48,28.02,,,
158,6/24/22 16:30,12.47,28.06,,,
159,6/24/22 17:00,12.55,28.08,,,
160,6/24/22 17:30,12.7,28.12,,,
161,6/24/22 18:00,12.7,28.12,,,
162,6/24/22 18:30,12.73,28.18,,,
163,6/24/22 19:00,12.73,28.18,,,
164,6/24/22 19:30,12.71,28.1,,,
165,6/24/22 20:00,12.6,28.02,,,
166,6/24/22 20:30,12.47,27.96,,,
167,6/24/22 21:00,12.4,27.92,,,
168,6/24/22 21:30,12.3,27.88,,,
169,6/24/22 22:00,12.22,27.84,,,
170,6/24/22 22:30,12.12,27.78,,,
171,6/24/22 23:00,12.03,27.74,,,
172,6/24/22 23:30,11.93,27.7,,,
173,6/25/22 0:00,11.81,27.64,,,
174,6/25/22 0:30,11.79,27.58,,,
175,6/25/22 1:00,11.74,27.54,,,
176,6/25/22 1:30,11.62,27.48,,,
177,6/25/22 2:00,11.55,27.42,,,
178,6/25/22 2:30,11.51,27.38,,,
179,6/25/22 3:00,11.46,27.32,,,
180,6/25/22 3:30,11.47,27.26,,,
181,6/25/22 4:00,11.3,27.22,,,
182,6/25/22 4:30,11.25,27.16,,,
183,6/25/22 5:00,11.27,27.12,,,
184,6/25/22 5:30,11.17,27.08,,,
185,6/25/22 6:00,11.17,27,,,
186,6/25/22 6:30,11.12,26.96,,,
187,6/25/22 7:00,11.07,26.9,,,
188,6/25/22 7:30,10.95,26.84,,,
189,6/25/22 8:00,10.84,26.78,,,
190,6/25/22 8:30,10.7,26.74,,,
191,6/25/22 9:00,10.56,26.7,,,
192,6/25/22 9:30,10.59,26.64,,,
193,6/25/22 10:00,10.61,26.62,,,
194,6/25/22 10:30,10.58,26.58,,,
195,6/25/22 11:00,10.5,26.56,,,
196,6/25/22 11:30,10.53,26.5,,,
197,6/25/22 12:00,10.43,26.42,,,
198,6/25/22 12:30,10.31,26.38,,,
199,6/25/22 13:00,10.2,26.36,,,
200,6/25/22 13:30,10.1,26.34,,,
201,6/25/22 14:00,10.06,26.32,,,
202,6/25/22 14:30,10.02,26.3,,,
203,6/25/22 15:00,9.99,26.28,,,
204,6/25/22 15:30,9.97,26.28,,,
205,6/25/22 16:00,10.02,26.28,,,
206,6/25/22 16:30,10.08,26.26,,,
207,6/25/22 17:00,10.06,26.24,,,
208,6/25/22 17:30,10.06,26.22,,,
209,6/25/22 18:00,10.01,26.22,,,
210,6/25/22 18:30,9.95,26.18,,,
211,6/25/22 19:00,9.85,26.18,,,
212,6/25/22 19:30,9.85,26.16,,,
213,6/25/22 20:00,9.83,26.14,,,
214,6/25/22 20:30,9.72,26.12,,,
215,6/25/22 21:00,9.69,26.08,,,
216,6/25/22 21:30,9.61,26.06,,,
217,6/25/22 22:00,9.66,26.04,,,
218,6/25/22 22:30,9.48,26.02,,,
219,6/25/22 23:00,9.47,25.96,,,
220,6/25/22 23:30,9.35,25.96,,,
221,6/26/22 0:00,9.26,25.92,,,
222,6/26/22 0:30,9.16,25.9,,,
223,6/26/22 1:00,9.1,25.86,,,
224,6/26/22 1:30,9.09,25.82,,,
225,6/26/22 2:00,9.06,25.78,,,
226,6/26/22 2:30,8.82,25.76,,,
227,6/26/22 3:00,8.72,25.72,,,
228,6/26/22 3:30,8.58,25.66,,,
229,6/26/22 4:00,8.41,25.62,,,
230,6/26/22 4:30,8.3,25.56,,,
231,6/26/22 5:00,8.2,25.48,,,
232,6/26/22 5:30,8.11,25.42,,,
233,6/26/22 6:00,7.94,25.36,,,
234,6/26/22 6:30,7.86,25.3,,,
235,6/26/22 7:00,7.78,25.28,,,
236,6/26/22 7:30,7.68,25.24,,,
237,6/26/22 8:00,7.81,25.2,,,
238,6/26/22 8:30,7.91,25.18,,,
239,6/26/22 9:00,8.04,25.18,,,
240,6/26/22 9:30,8.17,25.2,,,
241,6/26/22 10:00,8.34,25.22,,,
242,6/26/22 10:30,8.34,25.26,,,
243,6/26/22 11:00,8.39,25.28,,,
244,6/26/22 11:30,8.58,25.36,,,
245,6/26/22 12:00,8.71,25.42,,,
246,6/26/22 12:30,8.8,25.46,,,
247,6/26/22 13:00,8.92,25.5,,,
248,6/26/22 13:30,9.02,25.54,,,
249,6/26/22 14:00,9.23,25.6,,,
250,6/26/22 14:30,9.24,25.64,,,
251,6/26/22 15:00,9.25,25.68,,,
252,6/26/22 15:30,9.25,25.7,,,
253,6/26/22 16:00,9.26,25.72,,,
254,6/26/22 16:30,9.24,25.72,,,
255,6/26/22 17:00,9.34,25.76,,,
256,6/26/22 17:30,9.4,25.74,,,
257,6/26/22 18:00,9.34,25.68,,,
258,6/26/22 18:30,9.39,25.66,,,
259,6/26/22 19:00,9.37,25.62,,,
260,6/26/22 19:30,9.33,25.58,,,
261,6/26/22 20:00,9.24,25.52,,,
262,6/26/22 20:30,9.25,25.48,,,
263,6/26/22 21:00,9.14,25.42,,,
264,6/26/22 21:30,9.06,25.38,,,
265,6/26/22 22:00,8.99,25.36,,,
266,6/26/22 22:30,8.9,25.34,,,
267,6/26/22 23:00,8.81,25.28,,,
268,6/26/22 23:30,8.72,25.24,,,
269,6/27/22 0:00,8.57,25.2,,,
270,6/27/22 0:30,8.51,25.14,,,
271,6/27/22 1:00,8.36,25.12,,,
272,6/27/22 1:30,8.37,25.06,,,
273,6/27/22 2:00,8.19,25.02,,,
274,6/27/22 2:30,8.03,24.96,,,
275,6/27/22 3:00,8.08,24.9,,,
276,6/27/22 3:30,7.87,24.86,,,
277,6/27/22 4:00,7.84,24.8,,,
278,6/27/22 4:30,7.78,24.78,,,
279,6/27/22 5:00,7.7,24.7,,,
280,6/27/22 5:30,7.59,24.68,,,
281,6/27/22 6:00,7.56,24.66,,,
282,6/27/22 6:30,7.47,24.62,,,
283,6/27/22 7:00,7.49,24.6,,,
284,6/27/22 7:30,7.5,24.58,,,
285,6/27/22 8:00,7.58,24.56,,,
286,6/27/22 8:30,7.67,24.56,,,
287,6/27/22 9:00,7.71,24.58,,,
288,6/27/22 9:30,7.86,24.64,,,
289,6/27/22 10:00,8.01,24.68,,,
290,6/27/22 10:30,8.27,24.74,,,
291,6/27/22 11:00,8.37,24.8,,,
292,6/27/22 11:30,8.48,24.82,,,
293,6/27/22 12:00,8.58,24.9,,,
294,6/27/22 12:30,8.68,24.96,,,
295,6/27/22 13:00,8.79,25.04,,,
296,6/27/22 13:30,8.91,25.12,,,
297,6/27/22 14:00,9.02,25.16,,,
298,6/27/22 14:30,9.16,25.24,,,
299,6/27/22 15:00,9.27,25.36,,,
300,6/27/22 15:30,9.43,25.4,,,
301,6/27/22 16:00,9.52,25.44,,,
302,6/27/22 16:30,9.7,25.48,,,
303,6/27/22 17:00,9.78,25.5,,,
304,6/27/22 17:30,9.94,25.54,,,
305,6/27/22 18:00,10,25.52,,,
306,6/27/22 18:30,10.05,25.48,,,
307,6/27/22 19:00,10.07,25.44,,,
308,6/27/22 19:30,10.1,25.38,,,
309,6/27/22 20:00,10.01,25.34,,,
310,6/27/22 20:30,9.84,25.28,,,
311,6/27/22 21:00,9.78,25.26,,,
312,6/27/22 21:30,9.75,25.2,,,
313,6/27/22 22:00,9.64,25.14,,,
314,6/27/22 22:30,9.5,25.1,,,
315,6/27/22 23:00,9.33,25,,,
316,6/27/22 23:30,9.22,24.96,,,
317,6/28/22 0:00,9.18,24.92,,,
318,6/28/22 0:30,9.1,24.86,,,
319,6/28/22 1:00,9.05,24.8,,,
320,6/28/22 1:30,8.99,24.78,,,
321,6/28/22 2:00,8.9,24.72,,,
322,6/28/22 2:30,8.85,24.68,,,
323,6/28/22 3:00,8.82,24.64,,,
324,6/28/22 3:30,8.73,24.58,,,
325,6/28/22 4:00,8.71,24.54,,,
326,6/28/22 4:30,8.7,24.52,,,
327,6/28/22 5:00,8.64,24.48,,,
328,6/28/22 5:30,8.66,24.42,,,
329,6/28/22 6:00,8.64,24.38,,,
330,6/28/22 6:30,8.62,24.34,,,
331,6/28/22 7:00,8.56,24.36,,,
332,6/28/22 7:30,8.54,24.38,,,
333,6/28/22 8:00,8.64,24.4,,,
334,6/28/22 8:30,8.68,24.42,,,
335,6/28/22 9:00,8.81,24.44,,,
336,6/28/22 9:30,8.9,24.52,,,
337,6/28/22 10:00,8.97,24.6,,,
338,6/28/22 10:30,9.16,24.66,,,
339,6/28/22 11:00,9.28,24.76,,,
340,6/28/22 11:30,9.45,24.8,,,
341,6/28/22 12:00,9.51,24.78,,,
342,6/28/22 12:30,9.59,24.84,,,
343,6/28/22 13:00,9.66,24.88,,,
344,6/28/22 13:30,9.7,24.92,,,
345,6/28/22 14:00,9.76,25,,,
346,6/28/22 14:30,9.84,25.04,,,
347,6/28/22 15:00,9.91,25.1,,,
348,6/28/22 15:30,10.01,25.08,,,
349,6/28/22 16:00,10.05,25.12,,,
350,6/28/22 16:30,10.11,25.18,,,
351,6/28/22 17:00,10.19,25.2,,,
352,6/28/22 17:30,10.22,25.18,,,
353,6/28/22 18:00,10.25,25.18,,,
354,6/28/22 18:30,10.24,25.16,,,
355,6/28/22 19:00,10.24,25.14,,,
356,6/28/22 19:30,10.21,25.1,,,
357,6/28/22 20:00,10.18,25.08,,,
358,6/28/22 20:30,10.12,25.04,,,
359,6/28/22 21:00,10.06,25,,,
360,6/28/22 21:30,9.97,24.98,,,
361,6/28/22 22:00,9.92,24.94,,,
362,6/28/22 22:30,9.81,24.94,,,
363,6/28/22 23:00,9.78,24.92,,,
364,6/28/22 23:30,9.77,24.9,,,
365,6/29/22 0:00,9.62,24.86,,,
366,6/29/22 0:30,9.55,24.82,,,
367,6/29/22 1:00,9.41,24.76,,,
368,6/29/22 1:30,9.26,24.74,,,
369,6/29/22 2:00,9.09,24.7,,,
370,6/29/22 2:30,9.01,24.66,,,
371,6/29/22 3:00,8.82,24.64,,,
372,6/29/22 3:30,8.69,24.62,,,
373,6/29/22 4:00,8.69,24.58,,,
374,6/29/22 4:30,8.5,24.56,,,
375,6/29/22 5:00,8.44,24.54,,,
376,6/29/22 5:30,8.12,24.5,,,
377,6/29/22 6:00,8.09,24.48,,,
378,6/29/22 6:30,7.89,24.46,,,
379,6/29/22 7:00,8.01,24.48,,,
380,6/29/22 7:30,8,24.56,,,
381,6/29/22 8:00,8.12,24.64,,,
382,6/29/22 8:30,8.56,24.74,,,
383,6/29/22 9:00,8.81,24.86,,,
384,6/29/22 9:30,9,24.86,,,
385,6/29/22 10:00,9.12,25.04,,,
386,6/29/22 10:30,9.29,25.24,,,
387,6/29/22 11:00,9.51,25.44,,,
388,6/29/22 11:30,9.66,25.62,,,
389,6/29/22 12:00,9.82,25.7,,,
390,6/29/22 12:30,10.01,25.82,,,
391,6/29/22 13:00,10,25.92,,,
392,6/29/22 13:30,10.01,26.58,,,
393,6/29/22 14:00,10.05,26.88,,,
394,6/29/22 14:30,10.21,27.08,,,
395,6/29/22 15:00,10.44,27.06,,,
396,6/29/22 15:30,10.61,27.12,,,
397,6/29/22 16:00,11.08,27.24,,,
398,6/29/22 16:30,11.31,27.44,,,
399,6/29/22 17:00,11.19,27.46,,,
400,6/29/22 17:30,11.18,27.58,,,
401,6/29/22 18:00,11.03,27.54,,,
402,6/29/22 18:30,11.02,27.52,,,
403,6/29/22 19:00,11.08,27.48,,,
404,6/29/22 19:30,11.06,27.42,,,
405,6/29/22 20:00,10.96,27.34,,,
406,6/29/22 20:30,10.79,27.26,,,
407,6/29/22 21:00,10.75,27.18,,,
408,6/29/22 21:30,10.73,27.12,,,
409,6/29/22 22:00,10.69,27.08,,,
410,6/29/22 22:30,10.67,27.04,,,
411,6/29/22 23:00,10.69,26.98,,,
412,6/29/22 23:30,10.75,26.88,,,
413,6/30/22 0:00,10.66,26.76,,,
414,6/30/22 0:30,10.67,26.62,,,
415,6/30/22 1:00,10.69,26.48,,,
416,6/30/22 1:30,10.62,26.28,,,
417,6/30/22 2:00,10.58,26.02,,,
418,6/30/22 2:30,10.57,25.76,,,
419,6/30/22 3:00,10.53,25.56,,,
420,6/30/22 3:30,10.49,25.48,,,
421,6/30/22 4:00,10.4,25.52,,,
422,6/30/22 4:30,10.34,25.62,,,
423,6/30/22 5:00,10.35,25.64,,,
424,6/30/22 5:30,10.29,25.58,,,
425,6/30/22 6:00,10.24,25.52,,,
426,6/30/22 6:30,10.25,25.52,,,
427,6/30/22 7:00,10.24,25.52,,,
428,6/30/22 7:30,10.25,25.46,,,
429,6/30/22 8:00,10.2,25.42,,,
430,6/30/22 8:30,10.2,25.38,,,
431,6/30/22 9:00,10.22,25.36,,,
432,6/30/22 9:30,10.16,25.38,,,
433,6/30/22 10:00,10.11,25.38,,,
434,6/30/22 10:30,10.12,25.44,,,
435,6/30/22 11:00,10.25,25.56,,,
436,6/30/22 11:30,10.39,25.64,,,
437,6/30/22 12:00,10.41,25.66,,,
438,6/30/22 12:30,10.5,25.6,,,
439,6/30/22 13:00,10.55,25.66,,,
440,6/30/22 13:30,10.65,25.8,,,
441,6/30/22 14:00,10.69,25.86,,,
442,6/30/22 14:30,10.75,25.92,,,
443,6/30/22 15:00,10.83,26,,,
444,6/30/22 15:30,10.92,26.06,,,
445,6/30/22 16:00,10.93,26.08,,,
446,6/30/22 16:30,10.96,26.1,,,
447,6/30/22 17:00,10.96,26.12,,,
448,6/30/22 17:30,10.98,26.12,,,
449,6/30/22 18:00,10.99,26.12,,,
450,6/30/22 18:30,11,26.12,,,
451,6/30/22 19:00,10.96,26.08,,,
452,6/30/22 19:30,10.89,26.04,,,
453,6/30/22 20:00,10.86,26,,,
454,6/30/22 20:30,10.79,25.96,,,
455,6/30/22 21:00,10.74,25.92,,,
456,6/30/22 21:30,10.6,25.88,,,
457,6/30/22 22:00,10.49,25.84,,,
458,6/30/22 22:30,10.42,25.78,,,
459,6/30/22 23:00,10.28,25.76,,,
460,6/30/22 23:30,10.15,25.74,,,
461,7/1/22 0:00,10.08,25.68,,,
462,7/1/22 0:30,9.97,25.66,,,
463,7/1/22 1:00,9.89,25.62,,,
464,7/1/22 1:30,9.78,25.62,,,
465,7/1/22 2:00,9.74,25.56,,,
466,7/1/22 2:30,9.67,25.56,,,
467,7/1/22 3:00,9.58,25.54,,,
468,7/1/22 3:30,9.43,25.52,,,
469,7/1/22 4:00,9.31,25.52,,,
470,7/1/22 4:30,9.33,25.48,,,
471,7/1/22 5:00,9.24,25.44,,,
472,7/1/22 5:30,9.16,25.42,,,
473,7/1/22 6:00,9.08,25.36,,,
474,7/1/22 6:30,9.05,25.34,,,
475,7/1/22 7:00,9.01,25.32,,,
476,7/1/22 7:30,9.04,25.32,,,
477,7/1/22 8:00,9.04,25.32,,,
478,7/1/22 8:30,9.08,25.34,,,
479,7/1/22 9:00,9.2,25.34,,,
480,7/1/22 9:30,9.24,25.38,,,
481,7/1/22 10:00,9.27,25.4,,,
482,7/1/22 10:30,9.4,25.38,,,
483,7/1/22 11:00,9.52,25.54,,,
484,7/1/22 11:30,9.68,25.76,,,
485,7/1/22 12:00,9.75,25.9,,,
486,7/1/22 12:30,9.84,26,,,
487,7/1/22 13:00,9.99,26.02,,,
488,7/1/22 13:30,10.08,26.02,,,
489,7/1/22 14:00,10.2,26,,,
490,7/1/22 14:30,10.28,26.1,,,
491,7/1/22 15:00,10.36,26.12,,,
492,7/1/22 15:30,10.46,26.08,,,
493,7/1/22 16:00,10.5,26.1,,,
494,7/1/22 16:30,10.57,26.08,,,
495,7/1/22 17:00,10.69,26.16,,,
496,7/1/22 17:30,10.77,26.18,,,
497,7/1/22 18:00,10.81,26.16,,,
498,7/1/22 18:30,10.82,26.14,,,
499,7/1/22 19:00,10.81,26.1,,,
500,7/1/22 19:30,10.77,26.04,,,
501,7/1/22 20:00,10.73,25.96,,,
502,7/1/22 20:30,10.65,25.92,,,
503,7/1/22 21:00,10.54,25.88,,,
504,7/1/22 21:30,10.5,25.86,,,
505,7/1/22 22:00,10.41,25.8,,,
506,7/1/22 22:30,10.34,25.76,,,
507,7/1/22 23:00,10.24,25.74,,,
508,7/1/22 23:30,10.21,25.68,,,
509,7/2/22 0:00,10.16,25.62,,,
510,7/2/22 0:30,10.16,25.58,,,
511,7/2/22 1:00,10.08,25.56,,,
512,7/2/22 1:30,9.99,25.48,,,
513,7/2/22 2:00,9.78,25.44,,,
514,7/2/22 2:30,9.79,25.38,,,
515,7/2/22 3:00,9.79,25.32,,,
516,7/2/22 3:30,9.72,25.24,,,
517,7/2/22 4:00,9.6,25.2,,,
518,7/2/22 4:30,9.52,25.16,,,
519,7/2/22 5:00,9.46,25.12,,,
520,7/2/22 5:30,9.4,25.08,,,
521,7/2/22 6:00,9.37,25.04,,,
522,7/2/22 6:30,9.25,25.04,,,
523,7/2/22 7:00,9.25,25.02,,,
524,7/2/22 7:30,9.07,25.06,,,
525,7/2/22 8:00,9.29,25.08,,,
526,7/2/22 8:30,9.44,25.14,,,
527,7/2/22 9:00,9.48,25.22,,,
528,7/2/22 9:30,9.55,25.32,,,
529,7/2/22 10:00,9.66,25.38,,,
530,7/2/22 10:30,9.74,25.56,,,
531,7/2/22 11:00,9.86,25.58,,,
532,7/2/22 11:30,9.94,25.68,,,
533,7/2/22 12:00,10.07,25.74,,,
534,7/2/22 12:30,10.25,25.74,,,
535,7/2/22 13:00,10.3,25.8,,,
536,7/2/22 13:30,10.41,25.82,,,
537,7/2/22 14:00,10.72,25.88,,,
538,7/2/22 14:30,10.76,26.04,,,
539,7/2/22 15:00,10.72,26.16,,,
540,7/2/22 15:30,10.74,26.16,,,
541,7/2/22 16:00,10.87,26.04,,,
542,7/2/22 16:30,10.96,26.04,,,
543,7/2/22 17:00,10.92,25.96,,,
544,7/2/22 17:30,10.86,25.86,,,
545,7/2/22 18:00,10.8,25.76,,,
546,7/2/22 18:30,10.69,25.66,,,
547,7/2/22 19:00,10.62,25.62,,,
548,7/2/22 19:30,10.6,25.6,,,
549,7/2/22 20:00,10.53,25.58,,,
550,7/2/22 20:30,10.53,25.56,,,
551,7/2/22 21:00,10.44,25.58,,,
552,7/2/22 21:30,10.41,25.54,,,
553,7/2/22 22:00,10.37,25.5,,,
554,7/2/22 22:30,10.32,25.48,,,
555,7/2/22 23:00,10.23,25.44,,,
556,7/2/22 23:30,10.18,25.42,,,
557,7/3/22 0:00,10.08,25.38,,,
558,7/3/22 0:30,10.11,25.34,,,
559,7/3/22 1:00,10.06,25.3,,,
560,7/3/22 1:30,9.92,25.28,,,
561,7/3/22 2:00,9.92,25.24,,,
562,7/3/22 2:30,9.93,25.2,,,
563,7/3/22 3:00,9.79,25.16,,,
564,7/3/22 3:30,9.8,25.14,,,
565,7/3/22 4:00,9.79,25.1,,,
566,7/3/22 4:30,9.77,25.06,,,
567,7/3/22 5:00,9.7,25.02,,,
568,7/3/22 5:30,9.58,24.98,,,
569,7/3/22 6:00,9.47,24.94,,,
570,7/3/22 6:30,9.44,24.94,,,
571,7/3/22 7:00,9.69,24.94,,,
572,7/3/22 7:30,9.58,24.96,,,
573,7/3/22 8:00,9.81,25,,,
574,7/3/22 8:30,9.6,25.12,,,
575,7/3/22 9:00,9.97,25.26,,,
576,7/3/22 9:30,9.97,25.4,,,
577,7/3/22 10:00,10.02,25.58,,,
578,7/3/22 10:30,10.05,25.72,,,
579,7/3/22 11:00,10.17,25.84,,,
580,7/3/22 11:30,10.36,26.1,,,
581,7/3/22 12:00,10.11,26.46,,,
582,7/3/22 12:30,10.06,26.76,,,
583,7/3/22 13:00,10.15,26.84,,,
584,7/3/22 13:30,10.11,26.96,,,
585,7/3/22 14:00,10.06,27.34,,,
586,7/3/22 14:30,10.25,27.48,,,
587,7/3/22 15:00,10.39,27.46,,,
588,7/3/22 15:30,10.48,27.64,,,
589,7/3/22 16:00,10.65,27.72,,,
590,7/3/22 16:30,10.8,27.74,,,
591,7/3/22 17:00,11.02,27.56,,,
592,7/3/22 17:30,11.27,27.34,,,
593,7/3/22 18:00,11.57,27.04,,,
594,7/3/22 18:30,11.81,26.7,,,
595,7/3/22 19:00,11.86,26.56,,,
596,7/3/22 19:30,11.96,26.44,,,
597,7/3/22 20:00,11.77,26.38,,,
598,7/3/22 20:30,11.62,26.36,,,
599,7/3/22 21:00,11.43,26.38,,,
600,7/3/22 21:30,11.7,26.56,,,
601,7/3/22 22:00,11.6,26.66,,,
602,7/3/22 22:30,10.9,26.7,,,
603,7/3/22 23:00,10.77,26.7,,,
604,7/3/22 23:30,10.61,26.66,,,
605,7/4/22 0:00,10.87,26.62,,,
606,7/4/22 0:30,10.6,26.58,,,
607,7/4/22 1:00,10.52,26.52,,,
608,7/4/22 1:30,10.44,26.48,,,
609,7/4/22 2:00,10.21,26.42,,,
610,7/4/22 2:30,10.56,26.36,,,
611,7/4/22 3:00,10.56,26.3,,,
612,7/4/22 3:30,10.48,26.26,,,
613,7/4/22 4:00,10.45,26.18,,,
614,7/4/22 4:30,10.35,26.14,,,
615,7/4/22 5:00,10.44,26.08,,,
616,7/4/22 5:30,10.22,26.04,,,
617,7/4/22 6:00,10.31,26,,,
618,7/4/22 6:30,10.03,25.96,,,
619,7/4/22 7:00,10.23,25.94,,,
620,7/4/22 7:30,10.33,25.96,,,
621,7/4/22 8:00,10.37,25.96,,,
622,7/4/22 8:30,10.54,26,,,
623,7/4/22 9:00,10.8,25.96,,,
624,7/4/22 9:30,10.84,25.96,,,
625,7/4/22 10:00,10.99,25.96,,,
626,7/4/22 10:30,11.07,25.9,,,
627,7/4/22 11:00,11.15,25.9,,,
628,7/4/22 11:30,11.17,25.88,,,
629,7/4/22 12:00,11.31,25.86,,,
630,7/4/22 12:30,11.17,25.8,,,
631,7/4/22 13:00,11.18,25.74,,,
632,7/4/22 13:30,11.16,25.74,,,
633,7/4/22 14:00,11.15,25.7,,,
634,7/4/22 14:30,11.27,25.64,,,
635,7/4/22 15:00,11.44,25.68,,,
636,7/4/22 15:30,11.45,25.74,,,
637,7/4/22 16:00,11.46,25.88,,,
638,7/4/22 16:30,11.5,25.84,,,
639,7/4/22 17:00,11.54,25.86,,,
640,7/4/22 17:30,11.61,25.88,,,
641,7/4/22 18:00,11.51,25.86,,,
642,7/4/22 18:30,11.47,25.84,,,
643,7/4/22 19:00,11.68,25.94,,,
644,7/4/22 19:30,11.67,25.94,,,
645,7/4/22 20:00,11.51,25.9,,,
646,7/4/22 20:30,11.45,25.86,,,
647,7/4/22 21:00,11.16,25.84,,,
648,7/4/22 21:30,11.07,25.82,,,
649,7/4/22 22:00,11.22,25.8,,,
650,7/4/22 22:30,11.06,25.78,,,
651,7/4/22 23:00,10.74,25.76,,,
652,7/4/22 23:30,10.77,25.74,,,
653,7/5/22 0:00,10.81,25.72,,,
654,7/5/22 0:30,10.71,25.7,,,
655,7/5/22 1:00,10.53,25.68,,,
656,7/5/22 1:30,10.59,25.66,,,
657,7/5/22 2:00,10.48,25.64,,,
658,7/5/22 2:30,10.42,25.62,,,
659,7/5/22 3:00,10.31,25.62,,,
660,7/5/22 3:30,10.24,25.62,,,
661,7/5/22 4:00,10.25,25.6,,,
662,7/5/22 4:30,10.16,25.58,,,
663,7/5/22 5:00,10.19,25.56,,,
664,7/5/22 5:30,10.18,25.54,,,
665,7/5/22 6:00,10.09,25.52,,,
666,7/5/22 6:30,10.25,25.52,,,
667,7/5/22 7:00,10.25,25.56,,,
668,7/5/22 7:30,10.43,25.6,,,
669,7/5/22 8:00,10.48,25.68,,,
670,7/5/22 8:30,10.42,25.78,,,
671,7/5/22 9:00,10.62,25.84,,,
672,7/5/22 9:30,10.77,25.96,,,
673,7/5/22 10:00,10.82,26.06,,,
674,7/5/22 10:30,11.07,26.22,,,
675,7/5/22 11:00,10.92,26.42,,,
676,7/5/22 11:30,10.93,26.42,,,
677,7/5/22 12:00,11.14,26.32,,,
678,7/5/22 12:30,11,26.4,,,
679,7/5/22 13:00,11.18,26.4,,,
680,7/5/22 13:30,11.31,26.38,,,
681,7/5/22 14:00,11.27,26.54,,,
682,7/5/22 14:30,11.27,26.82,,,
683,7/5/22 15:00,11.22,27.04,,,
684,7/5/22 15:30,11.14,27.24,,,
685,7/5/22 16:00,11.27,27.28,,,
686,7/5/22 16:30,11.31,27.32,,,
687,7/5/22 17:00,11.41,27.4,,,
688,7/5/22 17:30,11.53,27.34,,,
689,7/5/22 18:00,11.52,27.3,,,
690,7/5/22 18:30,11.47,27.28,,,
691,7/5/22 19:00,11.57,27.2,,,
692,7/5/22 19:30,11.68,27.22,,,
693,7/5/22 20:00,11.26,27.08,,,
694,7/5/22 20:30,10.96,27.04,,,
695,7/5/22 21:00,10.82,26.98,,,
696,7/5/22 21:30,10.89,26.96,,,
697,7/5/22 22:00,10.82,26.9,,,
698,7/5/22 22:30,10.68,26.86,,,
699,7/5/22 23:00,10.64,26.82,,,
700,7/5/22 23:30,10.66,26.8,,,
701,7/6/22 0:00,10.35,26.8,,,
702,7/6/22 0:30,10.23,26.8,,,
703,7/6/22 1:00,10.27,26.8,,,
704,7/6/22 1:30,10.26,26.74,,,
705,7/6/22 2:00,10.32,26.66,,,
706,7/6/22 2:30,10.24,26.6,,,
707,7/6/22 3:00,10.12,26.6,,,
708,7/6/22 3:30,10.06,26.56,,,
709,7/6/22 4:00,10.01,26.52,,,
710,7/6/22 4:30,9.91,26.46,,,
711,7/6/22 5:00,9.86,26.4,,,
712,7/6/22 5:30,9.89,26.34,,,
713,7/6/22 6:00,9.86,26.28,,,
714,7/6/22 6:30,9.85,26.22,,,
715,7/6/22 7:00,9.89,26.22,,,
716,7/6/22 7:30,9.91,26.18,,,
717,7/6/22 8:00,9.93,26.16,,,
718,7/6/22 8:30,9.99,26.18,,,
719,7/6/22 9:00,10.14,26.18,,,
720,7/6/22 9:30,10.24,26.16,,,
721,7/6/22 10:00,10.42,26.18,,,
722,7/6/22 10:30,10.5,26.22,,,
723,7/6/22 11:00,10.48,26.36,,,
724,7/6/22 11:30,10.53,26.46,,,
725,7/6/22 12:00,10.62,26.5,,,
726,7/6/22 12:30,10.7,26.56,,,
727,7/6/22 13:00,10.76,26.7,,,
728,7/6/22 13:30,10.77,26.76,,,
729,7/6/22 14:00,10.75,26.74,,,
730,7/6/22 14:30,10.7,26.72,,,
731,7/6/22 15:00,10.69,26.72,,,
732,7/6/22 15:30,10.82,26.76,,,
733,7/6/22 16:00,11.05,26.74,,,
734,7/6/22 16:30,11.33,26.74,,,
735,7/6/22 17:00,11.53,26.72,,,
736,7/6/22 17:30,11.59,26.82,,,
737,7/6/22 18:00,11.55,26.84,,,
738,7/6/22 18:30,11.39,26.8,,,
739,7/6/22 19:00,11.5,26.76,,,
740,7/6/22 19:30,11.49,26.7,,,
741,7/6/22 20:00,11.36,26.68,,,
742,7/6/22 20:30,11.09,26.7,,,
743,7/6/22 21:00,11.17,26.68,,,
744,7/6/22 21:30,11.15,26.62,,,
745,7/6/22 22:00,11.09,26.58,,,
746,7/6/22 22:30,11.04,26.54,,,
747,7/6/22 23:00,10.87,26.48,,,
748,7/6/22 23:30,10.83,26.44,,,
749,7/7/22 0:00,10.67,26.38,,,
750,7/7/22 0:30,10.59,26.32,,,
751,7/7/22 1:00,10.54,26.28,,,
752,7/7/22 1:30,10.59,26.24,,,
753,7/7/22 2:00,10.62,26.22,,,
754,7/7/22 2:30,10.66,26.18,,,
755,7/7/22 3:00,10.34,26.18,,,
756,7/7/22 3:30,10.51,26.16,,,
757,7/7/22 4:00,10.17,26.12,,,
758,7/7/22 4:30,10.35,26.1,,,
759,7/7/22 5:00,10.09,26.08,,,
760,7/7/22 5:30,10.17,26.04,,,
761,7/7/22 6:00,10.27,26.02,,,
762,7/7/22 6:30,10.08,26,,,
763,7/7/22 7:00,9.41,26.02,,,
764,7/7/22 7:30,9.72,26.06,,,
765,7/7/22 8:00,10.25,26.08,,,
766,7/7/22 8:30,9.85,26.16,,,
767,7/7/22 9:00,10.45,26.2,,,
768,7/7/22 9:30,10.48,26.28,,,
769,7/7/22 10:00,10.54,26.4,,,
770,7/7/22 10:30,10.25,26.6,,,
771,7/7/22 11:00,10.5,26.68,,,
772,7/7/22 11:30,10.71,26.8,,,
773,7/7/22 12:00,10.86,26.84,,,
774,7/7/22 12:30,10.89,27,,,
775,7/7/22 13:00,10.83,26.96,,,
776,7/7/22 13:30,11.07,26.94,,,
777,7/7/22 14:00,11.19,27.12,,,
778,7/7/22 14:30,11.12,27.06,,,
779,7/7/22 15:00,11.21,27.34,,,
780,7/7/22 15:30,11.23,27.62,,,
781,7/7/22 16:00,11.55,27.78,,,
782,7/7/22 16:30,11.59,27.98,,,
783,7/7/22 17:00,11.57,28.18,,,
784,7/7/22 17:30,11.78,28.16,,,
785,7/7/22 18:00,12.03,28.02,,,
786,7/7/22 18:30,12.09,27.96,,,
787,7/7/22 19:00,12.08,27.92,,,
788,7/7/22 19:30,12.06,27.86,,,
789,7/7/22 20:00,12.08,27.8,,,
790,7/7/22 20:30,12.08,27.74,,,
791,7/7/22 21:00,11.66,27.72,,,
792,7/7/22 21:30,11.57,27.84,,,
793,7/7/22 22:00,11.56,27.86,,,
794,7/7/22 22:30,11.48,27.78,,,
795,7/7/22 23:00,11.37,27.74,,,
796,7/7/22 23:30,11.33,27.7,,,
797,7/8/22 0:00,11.42,27.68,,,
798,7/8/22 0:30,11.07,27.64,,,
799,7/8/22 1:00,11.23,27.64,,,
800,7/8/22 1:30,11.02,27.58,,,
801,7/8/22 2:00,11.04,27.56,,,
802,7/8/22 2:30,11,27.54,,,
803,7/8/22 3:00,11.01,27.48,,,
804,7/8/22 3:30,11.01,27.44,,,
805,7/8/22 4:00,10.98,27.38,,,
806,7/8/22 4:30,11.07,27.34,,,
807,7/8/22 5:00,11.06,27.26,,,
808,7/8/22 5:30,10.92,27.2,,,
809,7/8/22 6:00,10.82,27.16,,,
810,7/8/22 6:30,10.9,27.1,,,
811,7/8/22 7:00,10.83,27.06,,,
812,7/8/22 7:30,10.84,27.02,,,
813,7/8/22 8:00,10.98,26.96,,,
814,7/8/22 8:30,10.87,26.88,,,
815,7/8/22 9:00,10.76,26.78,,,
816,7/8/22 9:30,10.65,26.66,,,
817,7/8/22 10:00,10.49,26.56,,,
818,7/8/22 10:30,10.25,26.48,,,
819,7/8/22 11:00,9.97,26.44,,,
820,7/8/22 11:30,9.9,26.44,,,
821,7/8/22 12:00,9.81,26.44,,,
822,7/8/22 12:30,9.97,26.46,,,
823,7/8/22 13:00,10.5,26.5,,,
,,,,,,
824,7/8/22 13:30,10.59,26.56,,,
825,7/8/22 14:00,10.62,26.6,,,
826,7/8/22 14:30,10.77,26.62,,,
827,7/8/22 15:00,10.91,26.74,,,
828,7/8/22 15:05,,,Logged,,
829,7/8/22 15:06,,,,Logged,Logged