Plot Title: 10932915,,,,,,
#,"Date Time, GMT-05:00","DO conc, mg/L (LGR S/N: 10932915, SEN S/N: 10932915)","Temp, °C (LGR S/N: 10932915, SEN S/N: 10932915)",Coupler Attached (LGR S/N: 10932915),Host Connected (LGR S/N: 10932915),End Of File (LGR S/N: 10932915)
1,6/21/22 10:00,8.42,22.7,,,
2,6/21/22 10:30,8.34,24.54,,,
3,6/21/22 11:00,7.57,30.96,,,
4,6/21/22 11:30,7.12,33.88,,,
5,6/21/22 12:00,6.84,36.16,,,
6,6/21/22 12:30,13.12,25.06,,,
7,6/21/22 13:00,13.61,24.72,,,
8,6/21/22 13:30,13.65,24.88,,,
9,6/21/22 14:00,13.64,24.88,,,
10,6/21/22 14:30,13.64,24.84,,,
11,6/21/22 15:00,14.13,24.94,,,
12,6/21/22 15:30,14.27,25,,,
13,6/21/22 16:00,14.4,25.02,,,
14,6/21/22 16:30,14.56,25.06,,,
15,6/21/22 17:00,14.76,25.14,,,
16,6/21/22 17:30,14.71,25.12,,,
17,6/21/22 18:00,15.31,25.14,,,
18,6/21/22 18:30,15.5,25.12,,,
19,6/21/22 19:00,15.28,25.06,,,
20,6/21/22 19:30,15.23,25.12,,,
21,6/21/22 20:00,14.94,25.18,,,
22,6/21/22 20:30,15.01,25.32,,,
23,6/21/22 21:00,14.97,25.5,,,
24,6/21/22 21:30,14.61,25.68,,,
25,6/21/22 22:00,14.13,25.84,,,
26,6/21/22 22:30,13.81,25.94,,,
27,6/21/22 23:00,13.18,26,,,
28,6/21/22 23:30,12.46,26,,,
29,6/22/22 0:00,11.87,25.96,,,
30,6/22/22 0:30,11.24,25.82,,,
31,6/22/22 1:00,10.83,25.66,,,
32,6/22/22 1:30,10.32,25.54,,,
33,6/22/22 2:00,9.99,25.42,,,
34,6/22/22 2:30,10.07,25.3,,,
35,6/22/22 3:00,10.18,25.2,,,
36,6/22/22 3:30,10.15,25.12,,,
37,6/22/22 4:00,10.03,25.06,,,
38,6/22/22 4:30,9.9,24.96,,,
39,6/22/22 5:00,9.34,24.88,,,
40,6/22/22 5:30,9.38,24.78,,,
41,6/22/22 6:00,8.58,24.7,,,
42,6/22/22 6:30,8.35,24.62,,,
43,6/22/22 7:00,8.2,24.56,,,
44,6/22/22 7:30,8.09,24.52,,,
45,6/22/22 8:00,8.11,24.52,,,
46,6/22/22 8:30,8.17,24.56,,,
47,6/22/22 9:00,8.48,24.64,,,
48,6/22/22 9:30,8.75,24.72,,,
49,6/22/22 10:00,9.02,24.84,,,
50,6/22/22 10:30,9.62,24.98,,,
51,6/22/22 11:00,10.22,25.18,,,
52,6/22/22 11:30,10.87,25.4,,,
53,6/22/22 12:00,11.54,25.62,,,
54,6/22/22 12:30,12.13,25.86,,,
55,6/22/22 13:00,12.52,26.08,,,
56,6/22/22 13:30,13.03,26.34,,,
57,6/22/22 14:00,13.57,26.56,,,
58,6/22/22 14:30,14.03,26.8,,,
59,6/22/22 15:00,14.15,27.02,,,
60,6/22/22 15:30,14.58,27.18,,,
61,6/22/22 16:00,15.12,27.34,,,
62,6/22/22 16:30,15.61,27.46,,,
63,6/22/22 17:00,16,27.56,,,
64,6/22/22 17:30,16.37,27.66,,,
65,6/22/22 18:00,16.51,27.74,,,
66,6/22/22 18:30,16.71,27.76,,,
67,6/22/22 19:00,16.69,27.74,,,
68,6/22/22 19:30,16.42,27.68,,,
69,6/22/22 20:00,15.91,27.5,,,
70,6/22/22 20:30,15.38,27.36,,,
71,6/22/22 21:00,15.25,27.22,,,
72,6/22/22 21:30,14.78,27.08,,,
73,6/22/22 22:00,14.54,26.94,,,
74,6/22/22 22:30,14.24,26.86,,,
75,6/22/22 23:00,13.96,26.74,,,
76,6/22/22 23:30,13.71,26.64,,,
77,6/23/22 0:00,13.38,26.52,,,
78,6/23/22 0:30,13.02,26.44,,,
79,6/23/22 1:00,12.66,26.34,,,
80,6/23/22 1:30,12.39,26.26,,,
81,6/23/22 2:00,11.99,26.16,,,
82,6/23/22 2:30,11.53,26.08,,,
83,6/23/22 3:00,11.12,25.96,,,
84,6/23/22 3:30,10.83,25.86,,,
85,6/23/22 4:00,10.6,25.74,,,
86,6/23/22 4:30,10.43,25.62,,,
87,6/23/22 5:00,10.03,25.48,,,
88,6/23/22 5:30,9.64,25.34,,,
89,6/23/22 6:00,9.63,25.2,,,
90,6/23/22 6:30,9.42,25.08,,,
91,6/23/22 7:00,9.69,25.02,,,
92,6/23/22 7:30,9.43,24.96,,,
93,6/23/22 8:00,9.86,25,,,
94,6/23/22 8:30,10.01,25.06,,,
95,6/23/22 9:00,10.24,25.22,,,
96,6/23/22 9:30,10.18,25.38,,,
97,6/23/22 10:00,14.03,25.82,,,
98,6/23/22 10:30,11.23,25.82,,,
99,6/23/22 11:00,10.87,25.9,,,
100,6/23/22 11:30,9.96,26.1,,,
101,6/23/22 12:00,7.12,26.36,,,
102,6/23/22 12:30,9.67,26.66,,,
103,6/23/22 13:00,11.67,26.96,,,
104,6/23/22 13:30,14.94,27.34,,,
105,6/23/22 14:00,15.42,27.68,,,
106,6/23/22 14:30,15.19,27.94,,,
107,6/23/22 15:00,15.22,28.14,,,
108,6/23/22 15:30,15.16,28.32,,,
109,6/23/22 16:00,14.93,28.48,,,
110,6/23/22 16:30,14.99,28.48,,,
111,6/23/22 17:00,15.2,28.5,,,
112,6/23/22 17:30,15.41,28.46,,,
113,6/23/22 18:00,15.25,28.4,,,
114,6/23/22 18:30,15.45,28.34,,,
115,6/23/22 19:00,15.43,28.24,,,
116,6/23/22 19:30,15.35,28.12,,,
117,6/23/22 20:00,15.32,28.04,,,
118,6/23/22 20:30,15.2,27.98,,,
119,6/23/22 21:00,15.05,27.94,,,
120,6/23/22 21:30,14.96,27.88,,,
121,6/23/22 22:00,14.86,27.8,,,
122,6/23/22 22:30,14.68,27.7,,,
123,6/23/22 23:00,14.45,27.6,,,
124,6/23/22 23:30,14,27.48,,,
125,6/24/22 0:00,13.65,27.36,,,
126,6/24/22 0:30,13.29,27.22,,,
127,6/24/22 1:00,13.01,27.08,,,
128,6/24/22 1:30,12.72,26.98,,,
129,6/24/22 2:00,12.43,26.86,,,
130,6/24/22 2:30,12.16,26.76,,,
131,6/24/22 3:00,11.86,26.64,,,
132,6/24/22 3:30,11.58,26.56,,,
133,6/24/22 4:00,11.33,26.44,,,
134,6/24/22 4:30,11.11,26.36,,,
135,6/24/22 5:00,10.71,26.3,,,
136,6/24/22 5:30,10.41,26.18,,,
137,6/24/22 6:00,10.01,26.1,,,
138,6/24/22 6:30,9.75,26.04,,,
139,6/24/22 7:00,9.56,26,,,
140,6/24/22 7:30,9.59,26,,,
141,6/24/22 8:00,9.49,26.02,,,
142,6/24/22 8:30,9.4,26.08,,,
143,6/24/22 9:00,9.29,26.12,,,
144,6/24/22 9:30,9.5,26.2,,,
145,6/24/22 10:00,10.01,26.32,,,
146,6/24/22 10:30,10.33,26.46,,,
147,6/24/22 11:00,10.9,26.62,,,
148,6/24/22 11:30,11.33,26.76,,,
149,6/24/22 12:00,10.81,26.82,,,
150,6/24/22 12:30,12.19,26.96,,,
151,6/24/22 13:00,12.78,27.06,,,
152,6/24/22 13:30,13.18,27.22,,,
153,6/24/22 14:00,13.8,27.28,,,
154,6/24/22 14:30,12.37,27.34,,,
155,6/24/22 15:00,13.95,27.34,,,
156,6/24/22 15:30,15.73,27.36,,,
157,6/24/22 16:00,15.97,27.4,,,
158,6/24/22 16:30,16.23,27.42,,,
159,6/24/22 17:00,16.73,27.46,,,
160,6/24/22 17:30,17.15,27.46,,,
161,6/24/22 18:00,17.14,27.54,,,
162,6/24/22 18:30,17.07,27.5,,,
163,6/24/22 19:00,16.87,27.5,,,
164,6/24/22 19:30,16.96,27.52,,,
165,6/24/22 20:00,16.55,27.52,,,
166,6/24/22 20:30,16.63,27.52,,,
167,6/24/22 21:00,15.79,27.5,,,
168,6/24/22 21:30,15.35,27.48,,,
169,6/24/22 22:00,15.25,27.34,,,
170,6/24/22 22:30,14.69,27.2,,,
171,6/24/22 23:00,13.81,27.08,,,
172,6/24/22 23:30,14.07,27.02,,,
173,6/25/22 0:00,13.5,26.92,,,
174,6/25/22 0:30,13.18,26.84,,,
175,6/25/22 1:00,12.62,26.76,,,
176,6/25/22 1:30,12.3,26.68,,,
177,6/25/22 2:00,11.65,26.58,,,
178,6/25/22 2:30,11.47,26.46,,,
179,6/25/22 3:00,10.96,26.38,,,
180,6/25/22 3:30,10.69,26.3,,,
181,6/25/22 4:00,10.31,26.22,,,
182,6/25/22 4:30,9.89,26.14,,,
183,6/25/22 5:00,9.25,26.06,,,
184,6/25/22 5:30,8.9,26,,,
185,6/25/22 6:00,8.57,25.92,,,
186,6/25/22 6:30,8.28,25.88,,,
187,6/25/22 7:00,7.73,25.78,,,
188,6/25/22 7:30,7.53,25.7,,,
189,6/25/22 8:00,7.32,25.62,,,
190,6/25/22 8:30,7.02,25.54,,,
191,6/25/22 9:00,6.53,25.44,,,
192,6/25/22 9:30,6.19,25.36,,,
193,6/25/22 10:00,5.94,25.34,,,
194,6/25/22 10:30,5.47,25.3,,,
195,6/25/22 11:00,5.85,25.22,,,
196,6/25/22 11:30,5.5,25.18,,,
197,6/25/22 12:00,5.04,25.04,,,
198,6/25/22 12:30,4.26,24.98,,,
199,6/25/22 13:00,3.3,24.88,,,
200,6/25/22 13:30,3.77,24.76,,,
201,6/25/22 14:00,3.01,24.74,,,
202,6/25/22 14:30,4.43,24.72,,,
203,6/25/22 15:00,4.82,24.84,,,
204,6/25/22 15:30,5.35,24.9,,,
205,6/25/22 16:00,6.47,24.94,,,
206,6/25/22 16:30,6.46,24.94,,,
207,6/25/22 17:00,8.66,25.02,,,
208,6/25/22 17:30,9.55,25.1,,,
209,6/25/22 18:00,10.06,25.18,,,
210,6/25/22 18:30,10.47,25.24,,,
211,6/25/22 19:00,10.17,25.32,,,
212,6/25/22 19:30,10.49,25.36,,,
213,6/25/22 20:00,10.54,25.38,,,
214,6/25/22 20:30,10.06,25.34,,,
215,6/25/22 21:00,9.99,25.32,,,
216,6/25/22 21:30,10.1,25.28,,,
217,6/25/22 22:00,9.71,25.22,,,
218,6/25/22 22:30,9.43,25.12,,,
219,6/25/22 23:00,9.29,25.04,,,
220,6/25/22 23:30,9.36,24.98,,,
221,6/26/22 0:00,9.49,24.98,,,
222,6/26/22 0:30,9.42,24.9,,,
223,6/26/22 1:00,9.35,24.82,,,
224,6/26/22 1:30,9.38,24.8,,,
225,6/26/22 2:00,9.18,24.74,,,
226,6/26/22 2:30,9.1,24.66,,,
227,6/26/22 3:00,8.86,24.62,,,
228,6/26/22 3:30,8.52,24.54,,,
229,6/26/22 4:00,7.93,24.46,,,
230,6/26/22 4:30,7.78,24.26,,,
231,6/26/22 5:00,7.37,24.12,,,
232,6/26/22 5:30,6.55,23.88,,,
233,6/26/22 6:00,6,23.7,,,
234,6/26/22 6:30,6.33,23.68,,,
235,6/26/22 7:00,6.46,23.68,,,
236,6/26/22 7:30,6.42,23.68,,,
237,6/26/22 8:00,6.56,23.78,,,
238,6/26/22 8:30,6.39,23.8,,,
239,6/26/22 9:00,6.6,23.68,,,
240,6/26/22 9:30,6.75,23.82,,,
241,6/26/22 10:00,7.11,23.78,,,
242,6/26/22 10:30,7.2,23.94,,,
243,6/26/22 11:00,7.65,24.1,,,
244,6/26/22 11:30,8.32,24.16,,,
245,6/26/22 12:00,8.88,24.36,,,
246,6/26/22 12:30,9.61,24.5,,,
247,6/26/22 13:00,10.15,24.8,,,
248,6/26/22 13:30,10.7,24.96,,,
249,6/26/22 14:00,11.15,25.1,,,
250,6/26/22 14:30,11.62,25.24,,,
251,6/26/22 15:00,11.95,25.34,,,
252,6/26/22 15:30,12.34,25.42,,,
253,6/26/22 16:00,12.72,25.48,,,
254,6/26/22 16:30,12.91,25.56,,,
255,6/26/22 17:00,13.16,25.6,,,
256,6/26/22 17:30,13.49,25.56,,,
257,6/26/22 18:00,13.45,25.46,,,
258,6/26/22 18:30,13.62,25.44,,,
259,6/26/22 19:00,13.49,25.34,,,
260,6/26/22 19:30,13.08,25.2,,,
261,6/26/22 20:00,12.78,25.04,,,
262,6/26/22 20:30,12.52,24.88,,,
263,6/26/22 21:00,11.93,24.76,,,
264,6/26/22 21:30,10.8,24.7,,,
265,6/26/22 22:00,9.71,24.62,,,
266,6/26/22 22:30,8.88,24.52,,,
267,6/26/22 23:00,9.22,24.38,,,
268,6/26/22 23:30,9.92,24.26,,,
269,6/27/22 0:00,9.67,24.16,,,
270,6/27/22 0:30,9.73,24.06,,,
271,6/27/22 1:00,9.98,23.98,,,
272,6/27/22 1:30,9.53,23.86,,,
273,6/27/22 2:00,9.3,23.76,,,
274,6/27/22 2:30,8.75,23.68,,,
275,6/27/22 3:00,8.18,23.56,,,
276,6/27/22 3:30,6.98,23.42,,,
277,6/27/22 4:00,7.37,23.3,,,
278,6/27/22 4:30,8.29,23.24,,,
279,6/27/22 5:00,7.88,23.14,,,
280,6/27/22 5:30,7.6,23.04,,,
281,6/27/22 6:00,7.51,22.98,,,
282,6/27/22 6:30,7.84,22.94,,,
283,6/27/22 7:00,9.05,22.96,,,
284,6/27/22 7:30,9.44,22.96,,,
285,6/27/22 8:00,9.7,23.06,,,
286,6/27/22 8:30,9.85,23.04,,,
287,6/27/22 9:00,9.57,23.22,,,
288,6/27/22 9:30,9.14,23.4,,,
289,6/27/22 10:00,8.81,23.54,,,
290,6/27/22 10:30,8.63,23.78,,,
291,6/27/22 11:00,8.77,23.96,,,
292,6/27/22 11:30,8.97,24.08,,,
293,6/27/22 12:00,8.78,24.22,,,
294,6/27/22 12:30,9.16,24.46,,,
295,6/27/22 13:00,9.12,24.72,,,
296,6/27/22 13:30,9.75,24.92,,,
297,6/27/22 14:00,9.78,25.14,,,
298,6/27/22 14:30,10.25,25.34,,,
299,6/27/22 15:00,10.49,25.52,,,
300,6/27/22 15:30,10.92,25.66,,,
301,6/27/22 16:00,10.75,25.8,,,
302,6/27/22 16:30,11.31,25.94,,,
303,6/27/22 17:00,11.19,26,,,
304,6/27/22 17:30,11.24,26.04,,,
305,6/27/22 18:00,12.13,26.08,,,
306,6/27/22 18:30,13,26.06,,,
307,6/27/22 19:00,12.92,25.92,,,
308,6/27/22 19:30,12.52,25.8,,,
309,6/27/22 20:00,12.49,25.7,,,
310,6/27/22 20:30,12.06,25.58,,,
311,6/27/22 21:00,12.14,25.42,,,
312,6/27/22 21:30,11.77,25.26,,,
313,6/27/22 22:00,11.62,25.1,,,
314,6/27/22 22:30,11.33,24.96,,,
315,6/27/22 23:00,11.09,24.86,,,
316,6/27/22 23:30,10.98,24.76,,,
317,6/28/22 0:00,10.67,24.66,,,
318,6/28/22 0:30,10.56,24.54,,,
319,6/28/22 1:00,10.44,24.42,,,
320,6/28/22 1:30,9.95,24.32,,,
321,6/28/22 2:00,9.46,24.24,,,
322,6/28/22 2:30,8.8,24.16,,,
323,6/28/22 3:00,8.97,24.06,,,
324,6/28/22 3:30,8.5,23.98,,,
325,6/28/22 4:00,8.43,23.9,,,
326,6/28/22 4:30,8.15,23.8,,,
327,6/28/22 5:00,7.79,23.7,,,
328,6/28/22 5:30,7.59,23.64,,,
329,6/28/22 6:00,7.31,23.56,,,
330,6/28/22 6:30,7.1,23.46,,,
331,6/28/22 7:00,6.61,23.42,,,
332,6/28/22 7:30,6.65,23.38,,,
333,6/28/22 8:00,6.77,23.38,,,
334,6/28/22 8:30,6.83,23.48,,,
335,6/28/22 9:00,7.16,23.56,,,
336,6/28/22 9:30,7.82,23.7,,,
337,6/28/22 10:00,8.23,23.86,,,
338,6/28/22 10:30,8.82,24.08,,,
339,6/28/22 11:00,9.25,24.3,,,
340,6/28/22 11:30,9.75,24.46,,,
341,6/28/22 12:00,10.46,24.58,,,
342,6/28/22 12:30,9.99,24.72,,,
343,6/28/22 13:00,11.55,24.8,,,
344,6/28/22 13:30,11.64,24.92,,,
345,6/28/22 14:00,12.27,25.04,,,
346,6/28/22 14:30,12.7,25.08,,,
347,6/28/22 15:00,13.16,25.2,,,
348,6/28/22 15:30,13.61,25.16,,,
349,6/28/22 16:00,14.22,25.18,,,
350,6/28/22 16:30,14.91,25.18,,,
351,6/28/22 17:00,15.39,25.2,,,
352,6/28/22 17:30,15.84,25.26,,,
353,6/28/22 18:00,16.07,25.26,,,
354,6/28/22 18:30,16.3,25.18,,,
355,6/28/22 19:00,16.17,25.02,,,
356,6/28/22 19:30,15.8,24.9,,,
357,6/28/22 20:00,15.73,24.76,,,
358,6/28/22 20:30,15.52,24.64,,,
359,6/28/22 21:00,15.15,24.52,,,
360,6/28/22 21:30,14.81,24.42,,,
361,6/28/22 22:00,14.54,24.34,,,
362,6/28/22 22:30,13.77,24.26,,,
363,6/28/22 23:00,13.81,24.2,,,
364,6/28/22 23:30,13.15,24.14,,,
365,6/29/22 0:00,12.91,24.08,,,
366,6/29/22 0:30,12.46,23.96,,,
367,6/29/22 1:00,12.25,23.88,,,
368,6/29/22 1:30,11.82,23.8,,,
369,6/29/22 2:00,11.37,23.74,,,
370,6/29/22 2:30,11.2,23.66,,,
371,6/29/22 3:00,10.95,23.58,,,
372,6/29/22 3:30,10.56,23.5,,,
373,6/29/22 4:00,10.25,23.44,,,
374,6/29/22 4:30,9.86,23.36,,,
375,6/29/22 5:00,9.49,23.28,,,
376,6/29/22 5:30,9.12,23.2,,,
377,6/29/22 6:00,8.72,23.14,,,
378,6/29/22 6:30,8.71,23.1,,,
379,6/29/22 7:00,8.61,23.08,,,
380,6/29/22 7:30,8.42,23.1,,,
381,6/29/22 8:00,8.32,23.16,,,
382,6/29/22 8:30,8.35,23.28,,,
383,6/29/22 9:00,8.42,23.36,,,
384,6/29/22 9:30,8.5,23.5,,,
385,6/29/22 10:00,10.58,23.88,,,
386,6/29/22 10:30,11.22,24.38,,,
387,6/29/22 11:00,12.18,24.64,,,
388,6/29/22 11:30,12.27,25,,,
389,6/29/22 12:00,11.85,25.4,,,
390,6/29/22 12:30,11.91,25.74,,,
391,6/29/22 13:00,12.27,26.14,,,
392,6/29/22 13:30,11.63,26.56,,,
393,6/29/22 14:00,11.82,27.04,,,
394,6/29/22 14:30,11.88,27.3,,,
395,6/29/22 15:00,11.97,27.82,,,
396,6/29/22 15:30,12.12,28.14,,,
397,6/29/22 16:00,12.4,28.24,,,
398,6/29/22 16:30,12.19,28.3,,,
399,6/29/22 17:00,12.55,28.28,,,
400,6/29/22 17:30,12.72,28.32,,,
401,6/29/22 18:00,13.15,28.28,,,
402,6/29/22 18:30,13.22,28.3,,,
403,6/29/22 19:00,13.3,28.22,,,
404,6/29/22 19:30,13.41,28.12,,,
405,6/29/22 20:00,13.41,27.92,,,
406,6/29/22 20:30,13.32,27.78,,,
407,6/29/22 21:00,13.02,27.62,,,
408,6/29/22 21:30,12.87,27.44,,,
409,6/29/22 22:00,12.42,27.3,,,
410,6/29/22 22:30,12.05,27.18,,,
411,6/29/22 23:00,12.03,27.04,,,
412,6/29/22 23:30,11.71,26.92,,,
413,6/30/22 0:00,11.54,26.78,,,
414,6/30/22 0:30,11.21,26.64,,,
415,6/30/22 1:00,10.92,26.52,,,
416,6/30/22 1:30,10.51,26.4,,,
417,6/30/22 2:00,10.04,26.28,,,
418,6/30/22 2:30,9.55,26.18,,,
419,6/30/22 3:00,9,26.08,,,
420,6/30/22 3:30,8.61,26,,,
421,6/30/22 4:00,8.17,25.92,,,
422,6/30/22 4:30,7.76,25.84,,,
423,6/30/22 5:00,7.24,25.74,,,
424,6/30/22 5:30,6.84,25.66,,,
425,6/30/22 6:00,6.5,25.58,,,
426,6/30/22 6:30,6.24,25.5,,,
427,6/30/22 7:00,6.1,25.46,,,
428,6/30/22 7:30,6.07,25.42,,,
429,6/30/22 8:00,6.12,25.38,,,
430,6/30/22 8:30,6.15,25.4,,,
431,6/30/22 9:00,6.38,25.36,,,
432,6/30/22 9:30,6.6,25.4,,,
433,6/30/22 10:00,7.06,25.48,,,
434,6/30/22 10:30,7.84,25.54,,,
435,6/30/22 11:00,9.21,25.58,,,
436,6/30/22 11:30,10.69,25.7,,,
437,6/30/22 12:00,12.5,25.8,,,
438,6/30/22 12:30,12.91,25.86,,,
439,6/30/22 13:00,13.32,26,,,
440,6/30/22 13:30,14.24,26.06,,,
441,6/30/22 14:00,14.71,26.12,,,
442,6/30/22 14:30,14.88,26.14,,,
443,6/30/22 15:00,15.37,26.14,,,
444,6/30/22 15:30,15.76,26.16,,,
445,6/30/22 16:00,15.92,26.3,,,
446,6/30/22 16:30,16.43,26.32,,,
447,6/30/22 17:00,16.98,26.32,,,
448,6/30/22 17:30,16.55,26.34,,,
449,6/30/22 18:00,16.99,26.3,,,
450,6/30/22 18:30,16.78,26.26,,,
451,6/30/22 19:00,16.63,26.2,,,
452,6/30/22 19:30,16.06,26.08,,,
453,6/30/22 20:00,15.57,25.96,,,
454,6/30/22 20:30,15.07,25.9,,,
455,6/30/22 21:00,14.68,25.84,,,
456,6/30/22 21:30,14.28,25.76,,,
457,6/30/22 22:00,13.87,25.7,,,
458,6/30/22 22:30,13.44,25.66,,,
459,6/30/22 23:00,13.01,25.58,,,
460,6/30/22 23:30,12.52,25.52,,,
461,7/1/22 0:00,12.13,25.46,,,
462,7/1/22 0:30,11.56,25.4,,,
463,7/1/22 1:00,11.17,25.34,,,
464,7/1/22 1:30,10.64,25.28,,,
465,7/1/22 2:00,10.1,25.22,,,
466,7/1/22 2:30,9.78,25.18,,,
467,7/1/22 3:00,9.08,25.12,,,
468,7/1/22 3:30,8.73,25.08,,,
469,7/1/22 4:00,8.51,25.02,,,
470,7/1/22 4:30,7.88,24.96,,,
471,7/1/22 5:00,7.21,24.88,,,
472,7/1/22 5:30,6.83,24.8,,,
473,7/1/22 6:00,6.59,24.7,,,
474,7/1/22 6:30,6.4,24.62,,,
475,7/1/22 7:00,6.33,24.58,,,
476,7/1/22 7:30,6.3,24.56,,,
477,7/1/22 8:00,6.02,24.56,,,
478,7/1/22 8:30,7.33,24.58,,,
479,7/1/22 9:00,8.26,24.6,,,
480,7/1/22 9:30,8.04,24.66,,,
481,7/1/22 10:00,8.48,24.74,,,
482,7/1/22 10:30,8.99,24.8,,,
483,7/1/22 11:00,10.18,24.86,,,
484,7/1/22 11:30,9.78,25.1,,,
485,7/1/22 12:00,10.74,25.32,,,
486,7/1/22 12:30,11.18,25.52,,,
487,7/1/22 13:00,11.86,25.78,,,
488,7/1/22 13:30,12.16,26.06,,,
489,7/1/22 14:00,12.51,26.3,,,
490,7/1/22 14:30,12.89,26.46,,,
491,7/1/22 15:00,13.21,26.6,,,
492,7/1/22 15:30,13.47,26.56,,,
493,7/1/22 16:00,13.7,26.56,,,
494,7/1/22 16:30,14.17,26.52,,,
495,7/1/22 17:00,14.21,26.52,,,
496,7/1/22 17:30,14.53,26.54,,,
497,7/1/22 18:00,14.85,26.54,,,
498,7/1/22 18:30,15.02,26.52,,,
499,7/1/22 19:00,15.13,26.46,,,
500,7/1/22 19:30,14.99,26.34,,,
501,7/1/22 20:00,14.48,26.2,,,
502,7/1/22 20:30,13.17,26.1,,,
503,7/1/22 21:00,12.88,25.96,,,
504,7/1/22 21:30,12.97,25.84,,,
505,7/1/22 22:00,12.29,25.74,,,
506,7/1/22 22:30,12.18,25.64,,,
507,7/1/22 23:00,11.6,25.56,,,
508,7/1/22 23:30,11.46,25.46,,,
509,7/2/22 0:00,11.03,25.4,,,
510,7/2/22 0:30,10.81,25.32,,,
511,7/2/22 1:00,10.45,25.24,,,
512,7/2/22 1:30,10.14,25.16,,,
513,7/2/22 2:00,9.98,25.08,,,
514,7/2/22 2:30,9.69,24.98,,,
515,7/2/22 3:00,9.41,24.9,,,
516,7/2/22 3:30,9.07,24.82,,,
517,7/2/22 4:00,8.73,24.76,,,
518,7/2/22 4:30,8.44,24.64,,,
519,7/2/22 5:00,7.92,24.54,,,
520,7/2/22 5:30,7.19,24.44,,,
521,7/2/22 6:00,6.93,24.34,,,
522,7/2/22 6:30,6.56,24.26,,,
523,7/2/22 7:00,6.27,24.22,,,
524,7/2/22 7:30,6.49,24.22,,,
525,7/2/22 8:00,6.98,24.26,,,
526,7/2/22 8:30,7.8,24.36,,,
527,7/2/22 9:00,8.18,24.5,,,
528,7/2/22 9:30,8.38,24.7,,,
529,7/2/22 10:00,8.96,24.82,,,
530,7/2/22 10:30,9.49,24.98,,,
531,7/2/22 11:00,9.94,25.1,,,
532,7/2/22 11:30,11.07,25.36,,,
533,7/2/22 12:00,12.35,25.58,,,
534,7/2/22 12:30,13.16,25.76,,,
535,7/2/22 13:00,13.39,25.88,,,
536,7/2/22 13:30,13.84,26,,,
537,7/2/22 14:00,13.86,26.02,,,
538,7/2/22 14:30,13.91,26.14,,,
539,7/2/22 15:00,14.13,26.24,,,
540,7/2/22 15:30,14.51,26.2,,,
541,7/2/22 16:00,14.27,26.16,,,
542,7/2/22 16:30,14.59,26.12,,,
543,7/2/22 17:00,14.75,26.18,,,
544,7/2/22 17:30,14.89,26.26,,,
545,7/2/22 18:00,14.63,26.12,,,
546,7/2/22 18:30,14.34,25.94,,,
547,7/2/22 19:00,14.07,25.78,,,
548,7/2/22 19:30,13.59,25.64,,,
549,7/2/22 20:00,13.56,25.52,,,
550,7/2/22 20:30,12.98,25.44,,,
551,7/2/22 21:00,12.96,25.34,,,
552,7/2/22 21:30,12.49,25.26,,,
553,7/2/22 22:00,12.25,25.18,,,
554,7/2/22 22:30,12.4,25.06,,,
555,7/2/22 23:00,11.81,24.98,,,
556,7/2/22 23:30,11.64,24.9,,,
557,7/3/22 0:00,11,24.82,,,
558,7/3/22 0:30,10.94,24.72,,,
559,7/3/22 1:00,11,24.66,,,
560,7/3/22 1:30,10.55,24.58,,,
561,7/3/22 2:00,10.62,24.5,,,
562,7/3/22 2:30,10.47,24.42,,,
563,7/3/22 3:00,9.49,24.36,,,
564,7/3/22 3:30,9.7,24.3,,,
565,7/3/22 4:00,9.51,24.24,,,
566,7/3/22 4:30,9.2,24.16,,,
567,7/3/22 5:00,8.91,24.1,,,
568,7/3/22 5:30,8.32,24.04,,,
569,7/3/22 6:00,7.58,23.96,,,
570,7/3/22 6:30,7.65,23.92,,,
571,7/3/22 7:00,7.58,23.9,,,
572,7/3/22 7:30,7.53,23.94,,,
573,7/3/22 8:00,7.86,24.02,,,
574,7/3/22 8:30,7.94,24,,,
575,7/3/22 9:00,8.12,24.18,,,
576,7/3/22 9:30,7.98,24.28,,,
577,7/3/22 10:00,9.15,24.52,,,
578,7/3/22 10:30,10.27,24.74,,,
579,7/3/22 11:00,11.39,25.04,,,
580,7/3/22 11:30,12.97,25.46,,,
581,7/3/22 12:00,13.85,25.82,,,
582,7/3/22 12:30,16,26.46,,,
583,7/3/22 13:00,14.81,26.9,,,
584,7/3/22 13:30,13.65,27.36,,,
585,7/3/22 14:00,13.7,27.56,,,
586,7/3/22 14:30,13.67,27.74,,,
587,7/3/22 15:00,13.99,27.84,,,
588,7/3/22 15:30,13.81,28,,,
589,7/3/22 16:00,13.56,28.16,,,
590,7/3/22 16:30,13.95,28.18,,,
591,7/3/22 17:00,14.37,28.06,,,
592,7/3/22 17:30,14.69,27.94,,,
593,7/3/22 18:00,15.25,27.8,,,
594,7/3/22 18:30,15.74,27.64,,,
595,7/3/22 19:00,16.23,27.44,,,
596,7/3/22 19:30,16.5,27.22,,,
597,7/3/22 20:00,16.17,27.14,,,
598,7/3/22 20:30,15.91,27.06,,,
599,7/3/22 21:00,15.89,26.92,,,
600,7/3/22 21:30,15.79,26.84,,,
601,7/3/22 22:00,15.18,26.72,,,
602,7/3/22 22:30,14.54,26.58,,,
603,7/3/22 23:00,14.45,26.5,,,
604,7/3/22 23:30,14.14,26.36,,,
605,7/4/22 0:00,13.71,26.24,,,
606,7/4/22 0:30,12.89,26.08,,,
607,7/4/22 1:00,12.6,25.94,,,
608,7/4/22 1:30,12.22,25.84,,,
609,7/4/22 2:00,11.69,25.74,,,
610,7/4/22 2:30,11.28,25.66,,,
611,7/4/22 3:00,10.73,25.56,,,
612,7/4/22 3:30,10.41,25.48,,,
613,7/4/22 4:00,10,25.42,,,
614,7/4/22 4:30,9.6,25.34,,,
615,7/4/22 5:00,9.23,25.24,,,
616,7/4/22 5:30,8.89,25.18,,,
617,7/4/22 6:00,8,25.12,,,
618,7/4/22 6:30,8.18,25.08,,,
619,7/4/22 7:00,7.86,25.06,,,
620,7/4/22 7:30,8.23,25.06,,,
621,7/4/22 8:00,8.36,25.08,,,
622,7/4/22 8:30,8.63,25.1,,,
623,7/4/22 9:00,8.77,25.12,,,
624,7/4/22 9:30,8.76,25.12,,,
625,7/4/22 10:00,8.44,25.16,,,
626,7/4/22 10:30,8.61,25.16,,,
627,7/4/22 11:00,8.7,25.16,,,
628,7/4/22 11:30,9.09,25.14,,,
629,7/4/22 12:00,8.96,25.14,,,
630,7/4/22 12:30,9.09,25.1,,,
631,7/4/22 13:00,8.71,25.06,,,
632,7/4/22 13:30,9.16,25.06,,,
633,7/4/22 14:00,9.46,25.04,,,
634,7/4/22 14:30,9.38,24.96,,,
635,7/4/22 15:00,8.85,24.92,,,
636,7/4/22 15:30,9.73,25,,,
637,7/4/22 16:00,10.39,25.14,,,
638,7/4/22 16:30,10.97,25.28,,,
639,7/4/22 17:00,11.27,25.36,,,
640,7/4/22 17:30,11.58,25.44,,,
641,7/4/22 18:00,11.71,25.48,,,
642,7/4/22 18:30,12.01,25.54,,,
643,7/4/22 19:00,12.16,25.56,,,
644,7/4/22 19:30,12.45,25.58,,,
645,7/4/22 20:00,12.19,25.52,,,
646,7/4/22 20:30,12.12,25.5,,,
647,7/4/22 21:00,11.85,25.46,,,
648,7/4/22 21:30,11.31,25.38,,,
649,7/4/22 22:00,10.79,25.3,,,
650,7/4/22 22:30,10.65,25.26,,,
651,7/4/22 23:00,10.21,25.18,,,
652,7/4/22 23:30,9.81,25.14,,,
653,7/5/22 0:00,8.62,25.12,,,
654,7/5/22 0:30,9.39,25.06,,,
655,7/5/22 1:00,9.27,25.02,,,
656,7/5/22 1:30,9.21,24.94,,,
657,7/5/22 2:00,8.77,24.92,,,
658,7/5/22 2:30,8.44,24.88,,,
659,7/5/22 3:00,8.36,24.78,,,
660,7/5/22 3:30,8.08,24.74,,,
661,7/5/22 4:00,8.42,24.72,,,
662,7/5/22 4:30,8.29,24.68,,,
663,7/5/22 5:00,8.3,24.62,,,
664,7/5/22 5:30,8.04,24.58,,,
665,7/5/22 6:00,8.4,24.58,,,
666,7/5/22 6:30,8.67,24.58,,,
667,7/5/22 7:00,8.41,24.64,,,
668,7/5/22 7:30,8.73,24.72,,,
669,7/5/22 8:00,8.68,24.78,,,
670,7/5/22 8:30,8.62,24.94,,,
671,7/5/22 9:00,9.07,25,,,
672,7/5/22 9:30,10.29,25.26,,,
673,7/5/22 10:00,11.41,25.5,,,
674,7/5/22 10:30,11.79,25.88,,,
675,7/5/22 11:00,12.22,26.34,,,
676,7/5/22 11:30,12.64,26.56,,,
677,7/5/22 12:00,12.79,26.82,,,
678,7/5/22 12:30,12.36,26.96,,,
679,7/5/22 13:00,12.46,27.04,,,
680,7/5/22 13:30,12.44,27.04,,,
681,7/5/22 14:00,12.45,27.14,,,
682,7/5/22 14:30,12.55,27.34,,,
683,7/5/22 15:00,13.66,27.66,,,
684,7/5/22 15:30,14.1,27.94,,,
685,7/5/22 16:00,13.86,28.18,,,
686,7/5/22 16:30,13.38,28.32,,,
687,7/5/22 17:00,13.13,28.5,,,
688,7/5/22 17:30,12.95,28.54,,,
689,7/5/22 18:00,12.97,28.54,,,
690,7/5/22 18:30,12.79,28.52,,,
691,7/5/22 19:00,12.65,28.36,,,
692,7/5/22 19:30,11.72,28.26,,,
693,7/5/22 20:00,11.38,27.9,,,
694,7/5/22 20:30,10.2,27.64,,,
695,7/5/22 21:00,9.89,27.52,,,
696,7/5/22 21:30,10.51,27.44,,,
697,7/5/22 22:00,10.03,27.32,,,
698,7/5/22 22:30,9.33,27.2,,,
699,7/5/22 23:00,8.96,27.1,,,
700,7/5/22 23:30,8.51,26.96,,,
701,7/6/22 0:00,7.94,26.84,,,
702,7/6/22 0:30,7.97,26.68,,,
703,7/6/22 1:00,7.6,26.5,,,
704,7/6/22 1:30,7.36,26.36,,,
705,7/6/22 2:00,6.08,26.26,,,
706,7/6/22 2:30,5.41,26.12,,,
707,7/6/22 3:00,5.44,25.88,,,
708,7/6/22 3:30,4.75,25.64,,,
709,7/6/22 4:00,4.74,25.44,,,
710,7/6/22 4:30,4.91,25.5,,,
711,7/6/22 5:00,5.45,25.56,,,
712,7/6/22 5:30,5.35,25.52,,,
713,7/6/22 6:00,5.82,25.48,,,
714,7/6/22 6:30,6.3,25.5,,,
715,7/6/22 7:00,6.29,25.52,,,
716,7/6/22 7:30,7,25.5,,,
717,7/6/22 8:00,8.09,25.58,,,
718,7/6/22 8:30,8.63,25.7,,,
719,7/6/22 9:00,8.64,25.6,,,
720,7/6/22 9:30,9.38,25.66,,,
721,7/6/22 10:00,10.24,25.82,,,
722,7/6/22 10:30,10.76,25.92,,,
723,7/6/22 11:00,11.4,26.2,,,
724,7/6/22 11:30,10.77,26.52,,,
725,7/6/22 12:00,11.29,26.62,,,
726,7/6/22 12:30,11.98,26.82,,,
727,7/6/22 13:00,12.09,27.04,,,
728,7/6/22 13:30,12.72,27.26,,,
729,7/6/22 14:00,12.79,27.32,,,
730,7/6/22 14:30,13.24,27.34,,,
731,7/6/22 15:00,13.67,27.36,,,
732,7/6/22 15:30,13.54,27.4,,,
733,7/6/22 16:00,14.18,27.42,,,
734,7/6/22 16:30,14.34,27.38,,,
735,7/6/22 17:00,14.39,27.3,,,
736,7/6/22 17:30,14.5,27.24,,,
737,7/6/22 18:00,13.98,27.14,,,
738,7/6/22 18:30,13.85,27.06,,,
739,7/6/22 19:00,13.08,26.96,,,
740,7/6/22 19:30,13.16,26.88,,,
741,7/6/22 20:00,12.6,26.74,,,
742,7/6/22 20:30,12.01,26.68,,,
743,7/6/22 21:00,10.95,26.58,,,
744,7/6/22 21:30,10.62,26.48,,,
745,7/6/22 22:00,10.04,26.38,,,
746,7/6/22 22:30,9.6,26.28,,,
747,7/6/22 23:00,9.07,26.22,,,
748,7/6/22 23:30,8.67,26.16,,,
749,7/7/22 0:00,8.14,26.06,,,
750,7/7/22 0:30,7.59,25.92,,,
751,7/7/22 1:00,7.31,25.82,,,
752,7/7/22 1:30,6.92,25.7,,,
753,7/7/22 2:00,6.56,25.58,,,
754,7/7/22 2:30,6.39,25.48,,,
755,7/7/22 3:00,6.16,25.38,,,
756,7/7/22 3:30,6.04,25.3,,,
757,7/7/22 4:00,5.62,25.18,,,
758,7/7/22 4:30,5.32,25.1,,,
759,7/7/22 5:00,4.87,25,,,
760,7/7/22 5:30,5.01,24.92,,,
761,7/7/22 6:00,4.89,24.84,,,
762,7/7/22 6:30,5.35,24.88,,,
763,7/7/22 7:00,5.95,24.92,,,
764,7/7/22 7:30,5.79,24.98,,,
765,7/7/22 8:00,6.97,25.16,,,
766,7/7/22 8:30,8.44,25.38,,,
767,7/7/22 9:00,10.3,25.66,,,
768,7/7/22 9:30,10.95,25.88,,,
769,7/7/22 10:00,11.74,26.1,,,
770,7/7/22 10:30,13.38,26.26,,,
771,7/7/22 11:00,13.83,26.34,,,
772,7/7/22 11:30,13.71,26.52,,,
773,7/7/22 12:00,13.53,26.68,,,
774,7/7/22 12:30,13.45,26.84,,,
775,7/7/22 13:00,14,27.02,,,
776,7/7/22 13:30,14.52,27.32,,,
777,7/7/22 14:00,15.18,27.84,,,
778,7/7/22 14:30,15.52,28.02,,,
779,7/7/22 15:00,15.76,28.02,,,
780,7/7/22 15:30,15.76,28.22,,,
781,7/7/22 16:00,16.35,28.42,,,
782,7/7/22 16:30,16.07,28.78,,,
783,7/7/22 17:00,16.73,29.02,,,
784,7/7/22 17:30,16.12,29.12,,,
785,7/7/22 18:00,16.59,29.14,,,
786,7/7/22 18:30,16.25,29.08,,,
787,7/7/22 19:00,16.13,28.98,,,
788,7/7/22 19:30,15.84,28.8,,,
789,7/7/22 20:00,15.24,28.64,,,
790,7/7/22 20:30,14.61,28.48,,,
791,7/7/22 21:00,14.15,28.36,,,
792,7/7/22 21:30,13.69,28.22,,,
793,7/7/22 22:00,13.2,28.08,,,
794,7/7/22 22:30,12.59,27.94,,,
795,7/7/22 23:00,12.11,27.82,,,
796,7/7/22 23:30,11.71,27.7,,,
797,7/8/22 0:00,11.3,27.62,,,
798,7/8/22 0:30,10.58,27.52,,,
799,7/8/22 1:00,10.16,27.46,,,
800,7/8/22 1:30,9.61,27.38,,,
801,7/8/22 2:00,9.17,27.3,,,
802,7/8/22 2:30,9,27.22,,,
803,7/8/22 3:00,8.38,27.1,,,
804,7/8/22 3:30,8.2,27.02,,,
805,7/8/22 4:00,8.2,26.94,,,
806,7/8/22 4:30,7.77,26.9,,,
807,7/8/22 5:00,7.43,26.8,,,
808,7/8/22 5:30,7.63,26.74,,,
809,7/8/22 6:00,7.63,26.68,,,
810,7/8/22 6:30,7.97,26.66,,,
811,7/8/22 7:00,7.84,26.62,,,
812,7/8/22 7:30,8.3,26.64,,,
813,7/8/22 8:00,8.44,26.62,,,
814,7/8/22 8:30,7.99,26.44,,,
815,7/8/22 9:00,8.51,26.4,,,
816,7/8/22 9:30,8.87,26.36,,,
817,7/8/22 10:00,8.94,26.28,,,
818,7/8/22 10:30,9.31,26.16,,,
819,7/8/22 11:00,9.39,26.12,,,
820,7/8/22 11:30,10.38,26.16,,,
821,7/8/22 12:00,10.98,26.18,,,
822,7/8/22 12:30,11.6,26.26,,,
823,7/8/22 13:00,12.56,26.36,,,
824,7/8/22 13:30,13.28,26.48,,,
825,7/8/22 14:00,14,26.62,,,
826,7/8/22 14:30,14.87,26.8,,,