lakeid,year4,daynum,sampledate,depth,rep,sta,event,wtemp,o2,o2sat
WI,1996,44,2/13/96,0,1,1,,1.5,8.4,63.6
WI,1996,44,2/13/96,1,1,1,,4,6.4,51.8
WI,1996,44,2/13/96,2,1,1,,4.2,4.2,34.2
WI,1996,44,2/13/96,3,1,1,,3.3,3.7,29.4
WI,1996,78,3/18/96,0,1,1,,,,
WI,1996,103,4/12/96,0,1,1,,9.8,12.9,120.7
WI,1996,103,4/12/96,1,1,1,,9.8,13,121.6
WI,1996,103,4/12/96,2,1,1,,9.8,13,121.6
WI,1996,103,4/12/96,3,1,1,,9.8,12.9,120.7
WI,1996,123,5/2/96,0,1,1,,10.4,11.5,109.1
WI,1996,123,5/2/96,1,1,1,,10.4,11.5,109.1
WI,1996,123,5/2/96,2,1,1,,10.4,11.5,109.1
WI,1996,123,5/2/96,3,1,1,,10.4,11.5,109.1
WI,1996,136,5/15/96,0,1,1,,12.5,9.9,98.6
WI,1996,136,5/15/96,1,1,1,,12.2,9.9,97.9
WI,1996,136,5/15/96,2,1,1,,12,9.6,94.5
WI,1996,136,5/15/96,3,1,1,,11.9,9.1,89.4
WI,1996,151,5/30/96,0,1,1,,18.7,10.4,118.2
WI,1996,151,5/30/96,1,1,1,,17.2,9.5,104.7
WI,1996,151,5/30/96,2,1,1,,15.6,9.7,103.4
WI,1996,151,5/30/96,3,1,1,,14.2,9.4,97.2
WI,1996,151,5/30/96,3.25,1,1,,14.2,9.3,96.2
WI,1996,163,6/11/96,0,1,1,,19,10.4,119
WI,1996,163,6/11/96,1,1,1,,18.8,10.2,116.2
WI,1996,163,6/11/96,2,1,1,,18.6,10.3,116.9
WI,1996,163,6/11/96,3,1,1,,17.4,8.3,91.9
WI,1996,163,6/11/96,3.5,1,1,,17.1,7.2,79.2
WI,1996,176,6/24/96,0,1,1,,22.6,9.1,111.7
WI,1996,176,6/24/96,1,1,1,,22.6,9.1,111.7
WI,1996,176,6/24/96,2,1,1,,22.6,9,110.5
WI,1996,176,6/24/96,3,1,1,,22.5,8.8,107.8
WI,1996,192,7/10/96,0,1,1,,23.6,7.8,97.6
WI,1996,192,7/10/96,1,1,1,,23.5,7.5,93.7
WI,1996,192,7/10/96,2,1,1,,23.4,6.9,86
WI,1996,192,7/10/96,3,1,1,,23.1,6.1,75.6
WI,1996,192,7/10/96,3.5,1,1,,23.1,5.8,71.9
WI,1996,206,7/24/96,0,1,1,,23.1,8.9,110.3
WI,1996,206,7/24/96,1,1,1,,23.1,8.7,107.8
WI,1996,206,7/24/96,2,1,1,,23.1,8.7,107.8
WI,1996,206,7/24/96,3,1,1,,23.1,8.5,105.4
WI,1996,220,8/7/96,0,1,1,,26.4,10.1,133.1
WI,1996,220,8/7/96,1,1,1,,26.4,9.9,130.5
WI,1996,220,8/7/96,2,1,1,,26.3,9.6,126.3
WI,1996,220,8/7/96,3,1,1,,23.4,0.3,3.7
WI,1996,220,8/7/96,3.5,1,1,,23,0.2,2.5
WI,1996,234,8/21/96,0,1,1,,26,12,157
WI,1996,234,8/21/96,1,1,1,,25.3,12,155
WI,1996,234,8/21/96,2,1,1,,23.9,8.2,103.2
WI,1996,234,8/21/96,3,1,1,,23.6,4.5,56.3
WI,1996,250,9/6/96,0,1,1,,25.8,12.1,157.7
WI,1996,250,9/6/96,1,1,1,,25.8,12.1,157.7
WI,1996,250,9/6/96,2,1,1,,25.6,11.2,145.5
WI,1996,250,9/6/96,3,1,1,,23.9,2.1,26.4
WI,1996,261,9/17/96,0,1,1,,,,
WI,1996,275,10/1/96,0,1,1,,16.4,10.8,117.1
WI,1996,275,10/1/96,1,1,1,,16.3,10.8,116.8
WI,1996,275,10/1/96,2,1,1,,16.2,10.7,115.5
WI,1996,275,10/1/96,3,1,1,,16.1,10.4,112
WI,1996,275,10/1/96,3.5,1,1,,16,9.8,105.3
WI,1996,289,10/15/96,0,1,1,,14.4,11.4,118.4
WI,1996,289,10/15/96,1,1,1,,13.6,11.3,115.3
WI,1996,289,10/15/96,2,1,1,,13.1,11.2,113
WI,1996,289,10/15/96,3,1,1,,13,10.9,109.8
WI,1996,312,11/7/96,0,1,1,,5.5,12.2,102.7
WI,1996,312,11/7/96,1,1,1,,5.5,12.1,101.9
WI,1996,312,11/7/96,2,1,1,,5.5,12.1,101.9
WI,1996,312,11/7/96,2.5,1,1,,5.5,11.7,98.5
WI,1996,312,11/7/96,3,1,1,,,,
WI,1997,15,1/15/97,0,1,1,,0.6,13.8,101.9
WI,1997,15,1/15/97,1,1,1,,3.2,9.5,75.3
WI,1997,15,1/15/97,2,1,1,,4,6,48.6
WI,1997,15,1/15/97,3,1,1,,4.1,3.8,30.9
WI,1997,100,4/10/97,0,1,1,,6.6,11.9,103
WI,1997,100,4/10/97,1,1,1,,6.6,12.2,105.6
WI,1997,100,4/10/97,2,1,1,,6.6,12.3,106.5
WI,1997,100,4/10/97,3,1,1,,6.4,12.2,105.1
WI,1997,100,4/10/97,3.5,1,1,,6.4,11.1,95.6
WI,1997,125,5/5/97,0,1,1,,13.7,9.8,100.2
WI,1997,125,5/5/97,1,1,1,,13.6,9.8,100
WI,1997,125,5/5/97,2,1,1,,13.5,9.8,99.8
WI,1997,125,5/5/97,3,1,1,,13.5,9.7,98.8
WI,1997,125,5/5/97,3.5,1,1,,13.5,9.2,93.7
WI,1997,136,5/16/97,0,1,1,,12,14.1,138.8
WI,1997,136,5/16/97,1,1,1,,12,13.3,130.9
WI,1997,136,5/16/97,2,1,1,,12,12.1,119.1
WI,1997,136,5/16/97,3,1,1,,12,11.6,114.2
WI,1997,162,6/11/97,0,1,1,,24,9.8,123.6
WI,1997,162,6/11/97,1,1,1,,23.9,9.8,123.3
WI,1997,162,6/11/97,2,1,1,,23.8,9.6,120.6
WI,1997,162,6/11/97,3,1,1,,23.3,8.2,102
WI,1997,162,6/11/97,3.5,1,1,,23.3,0.1,1.2
WI,1997,163,6/12/97,0,1,1,,24.1,11.3,142.7
WI,1997,163,6/12/97,1,1,1,,22.8,12.5,154.1
WI,1997,163,6/12/97,2,1,1,,21.5,10.8,129.8
WI,1997,163,6/12/97,3,1,1,,19.9,6.7,78
WI,1997,175,6/24/97,0,1,1,,27,9.8,130.6
WI,1997,175,6/24/97,1,1,1,,26.8,8.8,116.8
WI,1997,175,6/24/97,2,1,1,,25,8.4,107.9
WI,1997,175,6/24/97,3,1,1,,23.3,2.4,29.9
WI,1997,175,6/24/97,3.5,1,1,,23.1,2.2,27.3
WI,1997,189,7/8/97,0,1,1,,23,10.6,131.1
WI,1997,189,7/8/97,1,1,1,,22.9,10.6,130.9
WI,1997,189,7/8/97,2,1,1,,22.6,10.5,128.9
WI,1997,189,7/8/97,3,1,1,,21,7.4,88.1
WI,1997,189,7/8/97,3.5,1,1,,20.3,6.3,74
WI,1997,206,7/25/97,0,1,1,,25,10.3,132.3
WI,1997,206,7/25/97,1,1,1,,25.1,10.2,131.3
WI,1997,206,7/25/97,2,1,1,,24.1,7,88.4
WI,1997,206,7/25/97,3,1,1,,23.5,2.8,35
WI,1997,231,8/19/97,0,1,1,,21.2,9.9,118.3
WI,1997,231,8/19/97,1,1,1,,21.3,9.9,118.5
WI,1997,231,8/19/97,2,1,1,,21.3,9.7,116.1
WI,1997,231,8/19/97,3,1,1,,20.8,3.3,39.1
WI,1997,254,9/11/97,0,1,1,,20.5,10.3,121.4
WI,1997,254,9/11/97,1,1,1,,20.5,10.3,121.4
WI,1997,254,9/11/97,2,1,1,,20.4,10.2,120
WI,1997,254,9/11/97,3,1,1,,19.9,9.4,109.5
WI,1997,301,10/28/97,0,1,1,,5.8,12.5,106.1
WI,1997,301,10/28/97,1,1,1,,5.7,12.4,104.9
WI,1997,301,10/28/97,2,1,1,,5.7,12.4,104.9
WI,1997,301,10/28/97,3,1,1,,5.7,12.4,104.9
WI,1997,324,11/20/97,0,1,1,,1.6,13.8,104.8
WI,1997,324,11/20/97,1,1,1,,1.2,13.8,103.6
WI,1997,324,11/20/97,2,1,1,,1.2,13.7,102.9
WI,1997,324,11/20/97,3,1,1,,1.2,13.7,102.9
WI,1998,37,2/6/98,0,1,2,,,,
WI,1998,84,3/25/98,0,1,1,,5.1,16.6,138.3
WI,1998,84,3/25/98,1,1,1,,5.1,16.6,138.3
WI,1998,84,3/25/98,2,1,1,,5.1,16.7,139.2
WI,1998,84,3/25/98,3,1,1,,5.1,16.7,139.2
WI,1998,105,4/15/98,0,1,1,,9.3,6,55.5
WI,1998,105,4/15/98,1,1,1,,10.5,6,57.1
WI,1998,105,4/15/98,2,1,1,,10.5,6,57.1
WI,1998,113,4/23/98,0,1,1,,14.8,10.3,107.9
WI,1998,113,4/23/98,1,1,1,,14.5,10.4,108.2
WI,1998,113,4/23/98,2,1,1,,13.2,10.4,105.2
WI,1998,113,4/23/98,3,1,1,,12.3,10.8,107.1
WI,1998,113,4/23/98,3.5,1,1,,11.8,9,88.2
WI,1998,132,5/12/98,0,1,1,,19.1,11.3,129.5
WI,1998,132,5/12/98,1,1,1,,18.8,11.3,128.7
WI,1998,132,5/12/98,2,1,1,,18.7,11.3,128.5
WI,1998,132,5/12/98,3,1,1,,16.8,5.7,62.3
WI,1998,144,5/24/98,0,1,1,,20.8,11.2,132.8
WI,1998,144,5/24/98,1,1,1,,20.6,11,129.9
WI,1998,144,5/24/98,2,1,1,,19.2,9.7,111.4
WI,1998,144,5/24/98,3,1,1,,17.7,6.3,70.2
WI,1998,161,6/10/98,0,1,1,,18.3,8.7,98.1
WI,1998,161,6/10/98,1,1,1,,17.6,8.3,92.3
WI,1998,161,6/10/98,2,1,1,,17.4,7.9,87.4
WI,1998,161,6/10/98,3,1,1,,17.1,5.9,64.9
WI,1998,175,6/24/98,0,1,1,,26,11.7,153.1
WI,1998,175,6/24/98,1,1,1,,25.9,11.8,154.1
WI,1998,175,6/24/98,2,1,1,,25.5,11.4,147.8
WI,1998,175,6/24/98,3,1,1,,22.9,3.4,42
WI,1998,175,6/24/98,3.2,1,1,,22.8,3.4,41.9
WI,1998,188,7/7/98,0,1,1,,24.8,10.1,129.3
WI,1998,188,7/7/98,1,1,1,,24.3,10.3,130.6
WI,1998,188,7/7/98,2,1,1,,24,9.9,124.8
WI,1998,188,7/7/98,3,1,1,,23.9,8.6,108.2
WI,1998,205,7/24/98,0,1,1,,24.6,8.3,105.8
WI,1998,205,7/24/98,1,1,1,,24.7,8.3,106
WI,1998,205,7/24/98,2,1,1,,24.4,8,101.6
WI,1998,205,7/24/98,3,1,1,,24.4,7.8,99.1
WI,1998,205,7/24/98,3.2,1,1,,24.4,7.3,92.7
WI,1998,219,8/7/98,0,1,1,,23.5,9.7,121.2
WI,1998,219,8/7/98,1,1,1,,23.3,9.6,119.5
WI,1998,219,8/7/98,2,1,1,,23.2,8.9,110.5
WI,1998,219,8/7/98,3,1,1,,22.9,3.5,43.2
WI,1998,219,8/7/98,4,1,1,,22.7,2.5,30.8
WI,1998,231,8/19/98,0,1,1,,23.7,9.8,122.9
WI,1998,231,8/19/98,1,1,1,,23.7,9.8,122.9
WI,1998,231,8/19/98,2,1,1,,23.6,9.6,120.1
WI,1998,231,8/19/98,3,1,1,,23.2,8.5,105.6
WI,1998,243,8/31/98,0,1,1,,25.1,9.7,124.8
WI,1998,243,8/31/98,1,1,1,,24.1,10.6,133.9
WI,1998,243,8/31/98,2,1,1,,23.6,10,125.1
WI,1998,243,8/31/98,3,1,1,,23,7.5,92.8
WI,1998,272,9/29/98,0,1,1,,20.7,10,118.3
WI,1998,272,9/29/98,1,1,1,,20.6,10.2,120.5
WI,1998,272,9/29/98,2,1,1,,20.4,9.5,111.7
WI,1998,272,9/29/98,3,1,1,,20.1,8.7,101.7
WI,1998,299,10/26/98,0,1,1,,12.4,9.1,90.4
WI,1998,299,10/26/98,1,1,1,,12.3,9.1,90.2
WI,1998,299,10/26/98,2,1,1,,11.8,8.6,84.3
WI,1998,299,10/26/98,3,1,1,,11.7,8.2,80.2
WI,1998,328,11/24/98,0,1,1,,4.9,11.7,97
WI,1998,328,11/24/98,1,1,1,,4.6,11.8,97.1
WI,1998,328,11/24/98,2,1,1,,4.4,11.9,97.4
WI,1998,328,11/24/98,3,1,1,,4.3,11.8,96.3
WI,1999,26,1/26/99,0,1,1,,1.7,15.2,115.7
WI,1999,26,1/26/99,1,1,1,,2.5,14.1,109.7
WI,1999,26,1/26/99,2,1,1,,3,11.8,93.1
WI,1999,26,1/26/99,3,1,1,,3.8,4.4,35.4
WI,1999,55,2/24/99,0,1,1,,6,19.9,169.7
WI,1999,55,2/24/99,1,1,1,,6.1,19.9,170.1
WI,1999,55,2/24/99,2,1,1,,6.8,19.9,173.2
WI,1999,55,2/24/99,3,1,1,,6.2,6.2,53.1
WI,1999,89,3/30/99,0,1,1,,8.7,14.3,130.3
WI,1999,89,3/30/99,1,1,1,,8.6,14.4,130.9
WI,1999,89,3/30/99,2,1,1,,8.6,14.4,130.9
WI,1999,89,3/30/99,3,1,1,,8.6,14.4,130.9
WI,1999,103,4/13/99,0,1,1,,12.9,12.6,126.6
WI,1999,103,4/13/99,1,1,1,,10.5,13.3,126.5
WI,1999,103,4/13/99,2,1,1,,9.9,13.2,123.8
WI,1999,103,4/13/99,3,1,1,,9.1,12,110.4
WI,1999,118,4/28/99,0,1,1,,12.4,11.2,111.3
WI,1999,118,4/28/99,1,1,1,,12.4,11.2,111.3
WI,1999,118,4/28/99,2,1,1,,12.4,11.1,110.3
WI,1999,118,4/28/99,3,1,1,,12.4,11,109.3
WI,1999,131,5/11/99,0,1,1,,17.6,9.6,106.7
WI,1999,131,5/11/99,1,1,1,,17.6,9.6,106.7
WI,1999,131,5/11/99,2,1,1,,17.5,9.6,106.5
WI,1999,131,5/11/99,3,1,1,,17.3,9.5,104.9
WI,1999,144,5/24/99,0,1,1,,17.9,9.3,104
WI,1999,144,5/24/99,1,1,1,,17.8,9.3,103.8
WI,1999,144,5/24/99,2,1,1,,17.9,9.2,102.9
WI,1999,144,5/24/99,3,1,1,,17.9,9.2,102.9
WI,1999,159,6/8/99,0,1,1,,24.5,9.8,124.7
WI,1999,159,6/8/99,1,1,1,,25.9,9.5,124.1
WI,1999,159,6/8/99,2,1,1,,23.7,8.8,110.3
WI,1999,159,6/8/99,3,1,1,,23.2,3.7,46
WI,1999,173,6/22/99,0,1,1,,24.4,12.2,155
WI,1999,173,6/22/99,1,1,1,,24.4,12.2,155
WI,1999,173,6/22/99,2,1,1,,23,10.8,133.6
WI,1999,173,6/22/99,3,1,1,,21.7,1.5,18.1
WI,1999,190,7/9/99,0,1,1,,25.8,7,91.3
WI,1999,190,7/9/99,1,1,1,,25.8,6.9,90
WI,1999,190,7/9/99,2,1,1,,25.8,6.9,90
WI,1999,190,7/9/99,3,1,1,,25.8,6.9,90
WI,1999,200,7/19/99,0,1,1,,26.1,9.9,129.8
WI,1999,200,7/19/99,1,1,1,,26,9.2,120.4
WI,1999,200,7/19/99,2,1,1,,25.7,7,91.1
WI,1999,200,7/19/99,3,1,1,,25.5,0.4,5.2
WI,1999,215,8/3/99,0,1,1,,26.5,7.8,103
WI,1999,215,8/3/99,1,1,1,,26.6,7.7,101.9
WI,1999,215,8/3/99,2,1,1,,26.6,7.7,101.9
WI,1999,215,8/3/99,3,1,1,,26.6,7.7,101.9
WI,1999,229,8/17/99,0,1,1,,23.2,10.3,127.9
WI,1999,229,8/17/99,1,1,1,,23.1,10.4,128.9
WI,1999,229,8/17/99,2,1,1,,22.9,10.4,128.4
WI,1999,229,8/17/99,3,1,1,,22.4,7.8,95.4
WI,1999,243,8/31/99,0,1,1,,22.6,10.3,126.5
WI,1999,243,8/31/99,1,1,1,,22.5,10.2,125
WI,1999,243,8/31/99,2,1,1,,22.3,10,122.1
WI,1999,243,8/31/99,3,1,1,,22.1,9.1,110.7
WI,1999,271,9/28/99,0,1,1,,16.6,11.6,126.3
WI,1999,271,9/28/99,1,1,1,,16.7,11.6,126.5
WI,1999,271,9/28/99,2,1,1,,16.8,11.4,124.6
WI,1999,271,9/28/99,3,1,1,,16.7,11,120
WI,1999,298,10/25/99,0,1,1,,8.2,11.5,103.6
WI,1999,298,10/25/99,1,1,1,,8.3,11.6,104.7
WI,1999,298,10/25/99,2,1,1,,8.1,11.5,103.3
WI,1999,298,10/25/99,3,1,1,,8.1,11.4,102.4
WI,1999,333,11/29/99,0,1,1,,4.6,12,98.7
WI,1999,333,11/29/99,1,1,1,,4.6,12,98.7
WI,1999,333,11/29/99,2,1,1,,4.6,12,98.7
WI,1999,333,11/29/99,3,1,1,,4.6,12,98.7
WI,2000,26,1/26/00,0,1,1,,2.3,15.5,119.9
WI,2000,26,1/26/00,1,1,1,,3.7,14.5,116.5
WI,2000,26,1/26/00,2,1,1,,4.6,8.2,67.5
WI,2000,26,1/26/00,3,1,1,,5.2,4.5,37.6
WI,2000,55,2/24/00,0,1,1,,1.6,13.5,102.5
WI,2000,55,2/24/00,1,1,1,,3.9,14.6,117.9
WI,2000,55,2/24/00,2,1,1,,4.8,7.5,62
WI,2000,55,2/24/00,3,1,1,,4.8,5.1,42.2
WI,2000,76,3/16/00,0,1,1,,6.2,12.6,108
WI,2000,76,3/16/00,1,1,1,,6.2,12.6,108
WI,2000,76,3/16/00,2,1,1,,6.2,12.6,108
WI,2000,76,3/16/00,3,1,1,,6.1,12.5,106.9
WI,2000,87,3/27/00,0,1,1,,8.1,12.5,112.3
WI,2000,87,3/27/00,1,1,1,,8.1,12.5,112.3
WI,2000,87,3/27/00,2,1,1,,8.1,12.4,111.4
WI,2000,87,3/27/00,3,1,1,,8.1,12.4,111.4
WI,2000,103,4/12/00,0,1,1,,6.4,12.5,107.7
WI,2000,103,4/12/00,1,1,1,,6.4,12.6,108.5
WI,2000,103,4/12/00,2,1,1,,6.4,12.6,108.5
WI,2000,103,4/12/00,3,1,1,,6.4,12.6,108.5
WI,2000,117,4/26/00,0,1,1,,13.7,12.7,129.9
WI,2000,117,4/26/00,1,1,1,,13.3,12.7,128.7
WI,2000,117,4/26/00,2,1,1,,13.2,12.8,129.5
WI,2000,117,4/26/00,3,1,1,,13.4,11.2,113.8
WI,2000,131,5/10/00,0,1,1,,19.9,8,93.2
WI,2000,131,5/10/00,1,1,1,,20,8,93.4
WI,2000,131,5/10/00,2,1,1,,19.8,7.5,87.2
WI,2000,131,5/10/00,3,1,1,,19.5,6.8,78.6
WI,2000,131,5/10/00,3.6,1,1,,19.5,0.1,1.2
WI,2000,145,5/24/00,0,1,1,,18.6,11.7,132.7
WI,2000,145,5/24/00,1,1,1,,18.6,11.6,131.6
WI,2000,145,5/24/00,1.5,1,1,,18.6,11.7,132.7
WI,2000,145,5/24/00,2,1,1,,18.5,11.7,132.5
WI,2000,145,5/24/00,2.5,1,1,,18.4,11.7,132.2
WI,2000,145,5/24/00,3,1,1,,16.5,9.5,103.2
WI,2000,145,5/24/00,3.5,1,1,,16,6.1,65.6
WI,2000,145,5/24/00,3.8,1,1,,15.9,0.2,2.1
WI,2000,157,6/5/00,0,1,1,,17.7,7.3,81.3
WI,2000,157,6/5/00,1,1,1,,17.6,7.2,80
WI,2000,157,6/5/00,2,1,1,,17.5,6.6,73.2
WI,2000,157,6/5/00,3,1,1,,17.4,6.8,75.3
WI,2000,157,6/5/00,4,1,1,,17.4,1.3,14.4
WI,2000,172,6/20/00,0,1,1,,22.1,10.5,127.7
WI,2000,172,6/20/00,1,1,1,,22,10.5,127.4
WI,2000,172,6/20/00,1.5,1,1,,22,10.6,128.7
WI,2000,172,6/20/00,2,1,1,,21.9,10.5,127.2
WI,2000,172,6/20/00,2.5,1,1,,21.8,9.9,119.7
WI,2000,172,6/20/00,3,1,1,,21.7,9.1,109.8
WI,2000,172,6/20/00,3.5,1,1,,20,0.9,10.5
WI,2000,172,6/20/00,3.8,1,1,,20,0.2,2.3
WI,2000,186,7/4/00,0,1,1,,23.7,10.1,126.6
WI,2000,186,7/4/00,1,1,1,,23.6,9.8,122.6
WI,2000,186,7/4/00,2,1,1,,23.2,7.9,98.1
WI,2000,186,7/4/00,3,1,1,,22.7,4.8,59
WI,2000,186,7/4/00,3.7,1,1,,22.1,0.2,2.4
WI,2000,200,7/18/00,0,1,1,,25,7.6,97.6
WI,2000,200,7/18/00,1,1,1,,25.1,7.6,97.8
WI,2000,200,7/18/00,2,1,1,,25,7.5,96.3
WI,2000,200,7/18/00,3,1,1,,25,7.1,91.2
WI,2000,200,7/18/00,3.6,1,1,,24.5,0.1,1.3
WI,2000,214,8/1/00,0,1,1,,23.7,7.7,96.5
WI,2000,214,8/1/00,1,1,1,,23.7,7.6,95.3
WI,2000,214,8/1/00,1.5,1,1,,23.7,7.6,95.3
WI,2000,214,8/1/00,2,1,1,,23.7,7.5,94
WI,2000,214,8/1/00,2.5,1,1,,23.6,4.4,55.1
WI,2000,214,8/1/00,3,1,1,,23.3,1.5,18.7
WI,2000,214,8/1/00,3.5,1,1,,23.2,0.3,3.7
WI,2000,214,8/1/00,3.6,1,1,,23.1,0.2,2.5
WI,2000,227,8/14/00,0,1,1,,25.8,9.4,122.5
WI,2000,227,8/14/00,0.5,1,1,,25.8,9.4,122.5
WI,2000,227,8/14/00,1,1,1,,25.8,9.2,119.9
WI,2000,227,8/14/00,1.5,1,1,,25.7,8.8,114.5
WI,2000,227,8/14/00,2,1,1,,25.5,8.3,107.6
WI,2000,227,8/14/00,2.5,1,1,,25.2,3.2,41.3
WI,2000,227,8/14/00,3,1,1,,24.8,0.9,11.5
WI,2000,227,8/14/00,3.5,1,1,,24.3,0.2,2.5
WI,2000,227,8/14/00,3.7,1,1,,24.2,0.2,2.5
WI,2000,242,8/29/00,0,1,1,,24.6,10.2,130.1
WI,2000,242,8/29/00,1,1,1,,24.5,10.2,129.8
WI,2000,242,8/29/00,1.5,1,1,,24.2,8.6,108.8
WI,2000,242,8/29/00,2,1,1,,23.9,7.3,91.9
WI,2000,242,8/29/00,2.5,1,1,,23.5,4.8,60
WI,2000,242,8/29/00,3,1,1,,23.4,4.3,53.6
WI,2000,242,8/29/00,3.5,1,1,,23.3,0.2,2.5
WI,2000,242,8/29/00,3.7,1,1,,23.3,0.1,1.2
WI,2000,270,9/26/00,0,1,1,,14.5,10,104.1
WI,2000,270,9/26/00,1,1,1,,14.5,10,104.1
WI,2000,270,9/26/00,2,1,1,,14.4,9.7,100.7
WI,2000,270,9/26/00,3,1,1,,14.4,9.2,95.5
WI,2000,270,9/26/00,3.5,1,1,,14.8,0.6,6.3
WI,2000,270,9/26/00,3.8,1,1,,14.7,0.9,9.4
WI,2000,297,10/23/00,0,1,1,,14.7,10,104.5
WI,2000,297,10/23/00,1,1,1,,14.5,10.2,106.2
WI,2000,297,10/23/00,2,1,1,,14.4,10.2,105.9
WI,2000,297,10/23/00,3,1,1,,14.1,8.8,90.8
WI,2000,297,10/23/00,3.5,1,1,,13.9,0.4,4.1
WI,2000,325,11/20/00,0,1,1,,1.2,12.5,93.8
WI,2000,325,11/20/00,1,1,1,,0.9,12.3,91.6
WI,2000,325,11/20/00,2,1,1,,0.9,12.1,90.1
WI,2000,325,11/20/00,3,1,1,,0.8,12.2,90.6
WI,2000,325,11/20/00,3.7,1,1,,1,0.7,5.2
WI,2001,8,1/8/01,0,1,1,,1.2,11.4,85.6
WI,2001,8,1/8/01,0.5,1,1,,1.4,11.4,86.1
WI,2001,8,1/8/01,1,1,1,,3.2,9.2,72.9
WI,2001,8,1/8/01,1.5,1,1,,3.7,8,64.3
WI,2001,8,1/8/01,2,1,1,,4.1,6,48.7
WI,2001,8,1/8/01,2.5,1,1,,4.3,4.9,40
WI,2001,8,1/8/01,3,1,1,,4.8,2.5,20.7
WI,2001,8,1/8/01,3.5,1,1,,5.3,0.3,2.5
WI,2001,8,1/8/01,3.7,1,1,,5.3,0.1,0.8
WI,2001,102,4/12/01,0,1,1,,11.6,10.2,99.5
WI,2001,102,4/12/01,1,1,1,,11.6,10.2,99.5
WI,2001,102,4/12/01,2,1,1,,11.6,10.3,100.5
WI,2001,102,4/12/01,3,1,1,,11.5,10.3,100.3
WI,2001,102,4/12/01,3.6,1,1,,11.6,0.6,5.9
WI,2001,113,4/23/01,0,1,1,,15.1,10,105.4
WI,2001,113,4/23/01,1,1,1,,15,10,105.2
WI,2001,113,4/23/01,2,1,1,,15,10,105.2
WI,2001,113,4/23/01,2.5,1,1,,15,10,105.2
WI,2001,113,4/23/01,3,1,1,,14.9,10,105
WI,2001,113,4/23/01,3.5,1,1,,14.6,2.6,27.1
WI,2001,127,5/7/01,0,1,1,,17.1,10.3,113.3
WI,2001,127,5/7/01,1,1,1,,17,10.1,110.9
WI,2001,127,5/7/01,2,1,1,,16.9,9.7,106.3
WI,2001,127,5/7/01,3,1,1,,16.8,9.2,100.6
WI,2001,127,5/7/01,3.5,1,1,,16.7,0.2,2.2
WI,2001,143,5/23/01,0,1,1,,17.7,8.9,99.1
WI,2001,143,5/23/01,1,1,1,,17.8,8.8,98.2
WI,2001,143,5/23/01,2,1,1,,17.9,8.6,96.2
WI,2001,143,5/23/01,3,1,1,,17.9,8.5,95.1
WI,2001,143,5/23/01,3.4,1,1,,18,8.4,94.1
WI,2001,157,6/6/01,0,1,1,,14.8,8.9,93.2
WI,2001,157,6/6/01,1,1,1,,14.8,9,94.3
WI,2001,157,6/6/01,2,1,1,,14.7,8.7,90.9
WI,2001,157,6/6/01,3,1,1,,14.6,8.4,87.6
WI,2001,157,6/6/01,4,1,1,,14.7,0.6,6.3
WI,2001,169,6/18/01,0,1,1,,23.1,9.4,116.5
WI,2001,169,6/18/01,1,1,1,,23.1,9.3,115.3
WI,2001,169,6/18/01,2,1,1,,23.1,9.2,114
WI,2001,169,6/18/01,3,1,1,,22.9,8.8,108.7
WI,2001,169,6/18/01,3.7,1,1,,21.6,0.5,6
WI,2001,184,7/3/01,0,1,1,,26,8.8,115.1
WI,2001,184,7/3/01,0.5,1,1,,25.3,8.9,115
WI,2001,184,7/3/01,1,1,1,,24.4,8.6,109.3
WI,2001,184,7/3/01,1.5,1,1,,24.1,8,101.1
WI,2001,184,7/3/01,2,1,1,,23.9,7.4,93.1
WI,2001,184,7/3/01,2.5,1,1,,23.8,7.3,91.7
WI,2001,184,7/3/01,3,1,1,,23.5,3.6,45
WI,2001,184,7/3/01,3.5,1,1,,22.8,0.6,7.4
WI,2001,197,7/16/01,0,1,1,,26.4,8.4,110.7
WI,2001,197,7/16/01,1,1,1,,26.3,8.1,106.6
WI,2001,197,7/16/01,2,1,1,,25.8,7.9,103
WI,2001,197,7/16/01,2.5,1,1,,25.5,4,51.9
WI,2001,197,7/16/01,3,1,1,,24.3,0.2,2.5
WI,2001,197,7/16/01,3.5,1,1,,23.6,0.1,1.3
WI,2001,213,8/1/01,0,1,1,,28.1,10,135.9
WI,2001,213,8/1/01,1,1,1,,27.9,9.4,127.3
WI,2001,213,8/1/01,2,1,1,,26.6,7.6,100.5
WI,2001,213,8/1/01,2.5,1,1,,25.3,5,64.6
WI,2001,213,8/1/01,3,1,1,,24.7,0.7,8.9
WI,2001,213,8/1/01,3.5,1,1,,24.2,0.3,3.8
WI,2001,227,8/15/01,0,1,1,,24.6,8.2,104.6
WI,2001,227,8/15/01,1,1,1,,24.7,8,102.2
WI,2001,227,8/15/01,2,1,1,,24.7,7.9,100.9
WI,2001,227,8/15/01,3,1,1,,24.6,6.3,80.3
WI,2001,227,8/15/01,3.5,1,1,,24.4,0.4,5.1
WI,2001,240,8/28/01,0,1,1,,25.4,8.7,112.6
WI,2001,240,8/28/01,0.5,1,1,,25,9.1,116.9
WI,2001,240,8/28/01,1,1,1,,24.2,9.4,119
WI,2001,240,8/28/01,2,1,1,,24,9,113.5
WI,2001,240,8/28/01,3,1,1,,23.5,2.5,31.2
WI,2001,240,8/28/01,3.5,1,1,,23,0.6,7.4
WI,2001,267,9/24/01,0,1,1,,15.9,9.2,98.7
WI,2001,267,9/24/01,1,1,1,,15.9,9.2,98.7
WI,2001,267,9/24/01,2,1,1,,16,9.1,97.8
WI,2001,267,9/24/01,3,1,1,,15.9,8.7,93.3
WI,2001,267,9/24/01,3.5,1,1,,15.9,8.5,91.2
WI,2001,267,9/24/01,3.7,1,1,,16.2,0.7,7.6
WI,2001,298,10/25/01,0,1,1,,9.9,11.1,104.1
WI,2001,298,10/25/01,1,1,1,,9.8,11.4,106.7
WI,2001,298,10/25/01,2,1,1,,9.7,11.4,106.4
WI,2001,298,10/25/01,3,1,1,,9.6,11.5,107.1
WI,2001,298,10/25/01,3.5,1,1,,9.8,11.3,105.7
WI,2001,333,11/29/01,0,1,1,,6.9,10.1,88.1
WI,2001,333,11/29/01,1,1,1,,6.8,10.2,88.8
WI,2001,333,11/29/01,2,1,1,,6.6,10,86.6
WI,2001,333,11/29/01,3,1,1,,6.6,10.1,87.4
WI,2001,333,11/29/01,3.5,1,1,,6.5,8.8,76
WI,2002,78,3/19/02,0,1,1,,3.8,13,104.7
WI,2002,78,3/19/02,1,1,1,,3.7,13.4,107.7
WI,2002,78,3/19/02,2,1,1,,3.6,13.4,107.4
WI,2002,78,3/19/02,3,1,1,,3.6,13.3,106.6
WI,2002,78,3/19/02,3.8,1,1,,3.5,13.1,104.7
WI,2002,85,3/26/02,0,1,1,,2.4,13.7,106.3
WI,2002,85,3/26/02,1,1,1,,2.2,14,108
WI,2002,85,3/26/02,2,1,1,,2,14.3,109.8
WI,2002,85,3/26/02,3,1,1,,1.9,14.4,110.2
WI,2002,85,3/26/02,3.5,1,1,,1.8,13.6,103.8
WI,2002,99,4/9/02,0,1,1,,6.4,12.2,105.1
WI,2002,99,4/9/02,1,1,1,,6,12.4,105.7
WI,2002,99,4/9/02,2,1,1,,5.9,12.5,106.3
WI,2002,99,4/9/02,3,1,1,,5.9,12.4,105.5
WI,2002,99,4/9/02,3.5,1,1,,5.8,11.9,101
WI,2002,112,4/22/02,0,1,1,,12.6,9.4,93.8
WI,2002,112,4/22/02,1,1,1,,12.5,9.4,93.6
WI,2002,112,4/22/02,2,1,1,,12.4,9.3,92.4
WI,2002,112,4/22/02,3,1,1,,12.3,9.3,92.2
WI,2002,112,4/22/02,3.7,1,1,,12.5,7.7,76.7
WI,2002,127,5/7/02,0,1,1,,16.5,9.8,106.5
WI,2002,127,5/7/02,1,1,1,,16.4,9.8,106.2
WI,2002,127,5/7/02,2,1,1,,16.4,9.7,105.1
WI,2002,127,5/7/02,3,1,1,,15.9,9.7,104
WI,2002,127,5/7/02,3.5,1,1,,15.2,7.8,82.4
WI,2002,143,5/23/02,0,1,1,,15.4,10.5,111.4
WI,2002,143,5/23/02,1,1,1,,15.4,10.6,112.5
WI,2002,143,5/23/02,2,1,1,,15.2,10.7,113.1
WI,2002,143,5/23/02,3,1,1,,15.1,10.7,112.8
WI,2002,157,6/6/02,0,1,1,,19.1,8.3,95.1
WI,2002,157,6/6/02,1,1,1,,18.2,8.5,95.7
WI,2002,157,6/6/02,2,1,1,,18.1,8.5,95.5
WI,2002,157,6/6/02,2.5,1,1,,17.9,7.4,82.8
WI,2002,157,6/6/02,3,1,1,,17.6,5.6,62.2
WI,2002,157,6/6/02,3.6,1,1,,17.2,4.3,47.4
WI,2002,171,6/20/02,0,1,1,,22.1,8.2,99.7
WI,2002,171,6/20/02,1,1,1,,22.1,8,97.3
WI,2002,171,6/20/02,2,1,1,,22,8,97.1
WI,2002,171,6/20/02,2.5,1,1,,21.8,7.2,87.1
WI,2002,171,6/20/02,3,1,1,,21.5,6.3,75.7
WI,2002,171,6/20/02,3.5,1,1,,21.1,3.6,42.9
WI,2002,184,7/3/02,0,1,1,,27.5,7.9,106.2
WI,2002,184,7/3/02,1,1,1,,27.5,7.9,106.2
WI,2002,184,7/3/02,2,1,1,,27.5,7.3,98.1
WI,2002,184,7/3/02,2.5,1,1,,27.4,6.8,91.3
WI,2002,184,7/3/02,3,1,1,,27.1,5.1,68.1
WI,2002,184,7/3/02,3.5,1,1,,24.2,2.9,36.7
WI,2002,199,7/18/02,0,1,1,,27.8,8.2,110.8
WI,2002,199,7/18/02,1,1,1,,27.8,7.4,100
WI,2002,199,7/18/02,2,1,1,,27.6,7.5,101
WI,2002,199,7/18/02,3,1,1,,26.8,6.5,86.3
WI,2002,199,7/18/02,3.5,1,1,,25.6,6.2,80.5
WI,2002,212,7/31/02,0,1,1,,26.6,9.2,121.7
WI,2002,212,7/31/02,1,1,1,,26.5,9,118.8
WI,2002,212,7/31/02,2,1,1,,26.2,8.2,107.7
WI,2002,212,7/31/02,3,1,1,,25.6,4.2,54.6
WI,2002,212,7/31/02,3.5,1,1,,25.1,1.8,23.2
WI,2002,227,8/15/02,0,1,1,,24,8,100.9
WI,2002,227,8/15/02,1,1,1,,24,8.1,102.1
WI,2002,227,8/15/02,2,1,1,,24,7.9,99.6
WI,2002,227,8/15/02,3,1,1,,23.9,7.9,99.4
WI,2002,227,8/15/02,3.5,1,1,,23.9,7.6,95.6
WI,2002,240,8/28/02,0,1,1,,25,8.9,114.3
WI,2002,240,8/28/02,1,1,1,,25,8.8,113
WI,2002,240,8/28/02,2,1,1,,25,8.9,114.3
WI,2002,240,8/28/02,3,1,1,,24.2,6.2,78.5
WI,2002,240,8/28/02,3.5,1,1,,24,3.8,47.9
WI,2002,269,9/26/02,0,1,1,,18.6,10.3,116.9
WI,2002,269,9/26/02,1,1,1,,17.3,10.5,116
WI,2002,269,9/26/02,2,1,1,,17,10.3,113.1
WI,2002,269,9/26/02,3,1,1,,16.9,10.2,111.7
WI,2002,269,9/26/02,3.4,1,1,,16.9,9.1,99.7
WI,2002,297,10/24/02,0,1,1,,6.8,12.1,105.3
WI,2002,297,10/24/02,1,1,1,,6.9,12,104.7
WI,2002,297,10/24/02,2,1,1,,6.9,12,104.7
WI,2002,297,10/24/02,3,1,1,,6.9,11.9,103.8
WI,2002,297,10/24/02,3.6,1,1,,6.9,11.2,97.7
WI,2002,324,11/20/02,0,1,1,,4.1,13.2,107.2
WI,2002,324,11/20/02,1,1,1,,4,13.4,108.5
WI,2002,324,11/20/02,2,1,1,,4,13.5,109.3
WI,2002,324,11/20/02,3,1,1,,4.4,13.5,110.5
WI,2003,28,1/28/03,0,1,1,,5.6,14.9,125.8
WI,2003,28,1/28/03,1,1,1,,4.7,18.2,150.1
WI,2003,28,1/28/03,2,1,1,,5,18.7,155.5
WI,2003,28,1/28/03,3,1,1,,5.6,16.4,138.4
WI,2003,28,1/28/03,3.5,1,1,,5.6,8.3,70.1
WI,2003,93,4/3/03,0,1,1,,8.3,12.2,110.1
WI,2003,93,4/3/03,1,1,1,,8.2,12.3,110.8
WI,2003,93,4/3/03,2,1,1,,8.2,12.4,111.7
WI,2003,93,4/3/03,3,1,1,,8.1,12.4,111.4
WI,2003,93,4/3/03,3.5,1,1,,8.1,12.3,110.5
WI,2003,107,4/17/03,0,1,1,,11.2,11.6,112.1
WI,2003,107,4/17/03,1,1,1,,11.2,11.6,112.1
WI,2003,107,4/17/03,2,1,1,,11.1,11.6,111.9
WI,2003,107,4/17/03,3,1,1,,10.9,11.5,110.4
WI,2003,107,4/17/03,3.5,1,1,,10.8,11,105.4
WI,2003,121,5/1/03,0,1,1,,14,11.5,118.4
WI,2003,121,5/1/03,1,1,1,,13.7,11.6,118.6
WI,2003,121,5/1/03,2,1,1,,13.7,11.7,119.7
WI,2003,121,5/1/03,3,1,1,,13.4,11.4,115.8
WI,2003,121,5/1/03,3.7,1,1,,12.6,9.4,93.8
WI,2003,135,5/15/03,0,1,1,,14.9,9.7,101.8
WI,2003,135,5/15/03,1,1,1,,14.8,9.7,101.6
WI,2003,135,5/15/03,2,1,1,,14.8,9.7,101.6
WI,2003,135,5/15/03,3,1,1,,14.7,9.2,96.2
WI,2003,135,5/15/03,3.6,1,1,,14.4,5.1,53
WI,2003,149,5/29/03,0,1,1,,20.2,11.6,135.9
WI,2003,149,5/29/03,1,1,1,,20,11.5,134.2
WI,2003,149,5/29/03,2,1,1,,20,11.5,134.2
WI,2003,149,5/29/03,3,1,1,,20,11.4,133
WI,2003,149,5/29/03,3.6,1,1,,19.6,9.7,112.3
WI,2003,163,6/12/03,0,1,1,,19.7,10.3,119.5
WI,2003,163,6/12/03,1,1,1,,19.6,10,115.8
WI,2003,163,6/12/03,2,1,1,,19.5,9.8,113.2
WI,2003,163,6/12/03,3,1,1,,19.4,9.1,104.9
WI,2003,163,6/12/03,3.5,1,1,,19.3,8.4,96.7
WI,2003,176,6/25/03,0,1,1,,25.8,9.8,127.8
WI,2003,176,6/25/03,1,1,1,,25.6,9.7,126
WI,2003,176,6/25/03,2,1,1,,24.8,9.1,116.5
WI,2003,176,6/25/03,2.5,1,1,,24,6.3,79.4
WI,2003,176,6/25/03,3,1,1,,23.3,5.4,67.2
WI,2003,176,6/25/03,3.6,1,1,,22.1,1.3,15.8
WI,2003,191,7/10/03,0,1,1,,24,8.5,107.2
WI,2003,191,7/10/03,1,1,1,,24,8.1,102.1
WI,2003,191,7/10/03,2,1,1,,23.9,7.1,89.4
WI,2003,191,7/10/03,3,1,1,,23.6,6.3,78.8
WI,2003,191,7/10/03,3.5,1,1,,23.3,4.5,56
WI,2003,202,7/21/03,0,1,1,,24.6,9.4,119.9
WI,2003,202,7/21/03,1,1,1,,24.6,9,114.8
WI,2003,202,7/21/03,2,1,1,,24.5,8.6,109.5
WI,2003,202,7/21/03,3,1,1,,23.7,5,62.7
WI,2003,202,7/21/03,3.5,1,1,,23.1,0.9,11.2
WI,2003,219,8/7/03,0,1,1,,25.7,9.5,123.6
WI,2003,219,8/7/03,0.5,1,1,,25.7,9.5,123.6
WI,2003,219,8/7/03,1,1,1,,25.7,9.3,121
WI,2003,219,8/7/03,1.5,1,1,,25.6,8.9,115.6
WI,2003,219,8/7/03,2,1,1,,25.3,8.3,107.2
WI,2003,219,8/7/03,2.5,1,1,,24.8,4.8,61.4
WI,2003,219,8/7/03,3,1,1,,24.3,2.3,29.2
WI,2003,219,8/7/03,3.5,1,1,,23.7,0.4,5
WI,2003,234,8/22/03,0,1,1,,26.1,7.8,102.2
WI,2003,234,8/22/03,1,1,1,,26.1,7.8,102.2
WI,2003,234,8/22/03,2,1,1,,26,7.2,94.2
WI,2003,234,8/22/03,3,1,1,,25.4,5.4,69.9
WI,2003,234,8/22/03,3.5,1,1,,24.7,0.5,6.4
WI,2003,247,9/4/03,0,1,1,,21.9,9.8,118.7
WI,2003,247,9/4/03,1,1,1,,21.9,9.4,113.9
WI,2003,247,9/4/03,2,1,1,,21.9,9.4,113.9
WI,2003,247,9/4/03,3,1,1,,21.8,9,108.8
WI,2003,247,9/4/03,3.5,1,1,,21.6,6.4,77.1
WI,2003,275,10/2/03,0,1,1,,12.1,10.7,105.6
WI,2003,275,10/2/03,1,1,1,,11.7,10.7,104.6
WI,2003,275,10/2/03,2,1,1,,11.7,10.7,104.6
WI,2003,275,10/2/03,3,1,1,,11.7,10.7,104.6
WI,2003,275,10/2/03,3.6,1,1,,11.7,9.1,89
WI,2003,310,11/6/03,0,1,1,,7.3,11.2,98.7
WI,2003,310,11/6/03,1,1,1,,7.3,11.2,98.7
WI,2003,310,11/6/03,2,1,1,,7.3,11.1,97.8
WI,2003,310,11/6/03,3,1,1,,7.3,11.1,97.8
WI,2003,310,11/6/03,3.7,1,1,,7.3,10.7,94.3
WI,2003,330,11/26/03,0,1,1,,2.2,12.4,95.7
WI,2003,330,11/26/03,1,1,1,,2.3,11.9,92.1
WI,2003,330,11/26/03,2,1,1,,2.4,11.5,89.2
WI,2003,330,11/26/03,3,1,1,,2.5,11.5,89.5
WI,2003,330,11/26/03,3.4,1,1,,2.6,9.1,71
WI,2004,40,2/9/04,0,1,1,,1.9,13.5,103.3
WI,2004,40,2/9/04,1,1,1,,3.1,12.4,98.1
WI,2004,40,2/9/04,2,1,1,,3.6,12.4,99.4
WI,2004,40,2/9/04,2.5,1,1,,3.8,11.8,95.1
WI,2004,40,2/9/04,3,1,1,,3.9,8.3,67
WI,2004,40,2/9/04,3.6,1,1,,4.3,4.3,35.1
WI,2004,91,3/31/04,0,1,1,,9.4,11.4,105.7
WI,2004,91,3/31/04,1,1,1,,9.3,11.4,105.4
WI,2004,91,3/31/04,2,1,1,,9.3,11.4,105.4
WI,2004,91,3/31/04,3,1,1,,9.3,11.4,105.4
WI,2004,91,3/31/04,3.6,1,1,,9.4,9.5,88.1
WI,2004,106,4/15/04,0,1,1,,11.1,14.3,137.9
WI,2004,106,4/15/04,1,1,1,,11,14.3,137.6
WI,2004,106,4/15/04,2,1,1,,11,14.2,136.6
WI,2004,106,4/15/04,3,1,1,,10.8,14.2,136
WI,2004,106,4/15/04,3.6,1,1,,10.3,7.5,71
WI,2004,120,4/29/04,0,1,1,,14.3,8.8,91.2
WI,2004,120,4/29/04,1,1,1,,14.2,8.8,91
WI,2004,120,4/29/04,2,1,1,,14.2,8.8,91
WI,2004,120,4/29/04,3,1,1,,14.2,8.8,91
WI,2004,120,4/29/04,3.4,1,1,,14,5.1,52.5
WI,2004,134,5/13/04,0,1,1,,19,11.2,128.1
WI,2004,134,5/13/04,1,1,1,,18.9,11.2,127.8
WI,2004,134,5/13/04,2,1,1,,18.9,11.2,127.8
WI,2004,134,5/13/04,3,1,1,,17.9,11.2,125.3
WI,2004,134,5/13/04,3.6,1,1,,16.8,4,43.7
WI,2004,147,5/26/04,0,1,1,,17.8,7.2,80.4
WI,2004,147,5/26/04,1,1,1,,17.7,7.2,80.2
WI,2004,147,5/26/04,2,1,1,,17.4,7.2,79.7
WI,2004,147,5/26/04,3,1,1,,17.2,7.2,79.4
WI,2004,147,5/26/04,3.6,1,1,,17.2,2.2,24.3
WI,2004,162,6/10/04,0,1,1,,23.2,6.4,79.5
WI,2004,162,6/10/04,1,1,1,,23.2,6.5,80.7
WI,2004,162,6/10/04,2,1,1,,23.2,6.5,80.7
WI,2004,162,6/10/04,3,1,1,,23.1,6.5,80.6
WI,2004,162,6/10/04,3.6,1,1,,23,3.2,39.6
WI,2004,176,6/24/04,0,1,1,,20.2,6,70.3
WI,2004,176,6/24/04,1,1,1,,20.2,6.1,71.5
WI,2004,176,6/24/04,2,1,1,,20.2,6,70.3
WI,2004,176,6/24/04,3,1,1,,20.2,6.1,71.5
WI,2004,176,6/24/04,3.6,1,1,,20.1,3.2,37.4
WI,2004,191,7/9/04,0,1,1,,21.8,10.1,122.1
WI,2004,191,7/9/04,1,1,1,,21.8,9.7,117.3
WI,2004,191,7/9/04,2,1,1,,21.8,8.4,101.6
WI,2004,191,7/9/04,3,1,1,,21.3,4.4,52.7
WI,2004,191,7/9/04,3.7,1,1,,21,0.3,3.6
WI,2004,204,7/22/04,0,1,1,,25.6,8.5,110.4
WI,2004,204,7/22/04,1,1,1,,25.2,8.5,109.6
WI,2004,204,7/22/04,2,1,1,,24.5,8.5,108.2
WI,2004,204,7/22/04,3,1,1,,23.8,8.4,105.5
WI,2004,204,7/22/04,3.5,1,1,,23.8,2.1,26.4
WI,2004,217,8/4/04,0,1,1,,24.7,8.6,109.9
WI,2004,217,8/4/04,1,1,1,,24.7,8.3,106
WI,2004,217,8/4/04,2,1,1,,24.7,7.9,100.9
WI,2004,217,8/4/04,3,1,1,,24.5,7.4,94.2
WI,2004,217,8/4/04,3.8,1,1,,24.3,0.3,3.8
WI,2004,231,8/18/04,0,1,1,,20.7,9.3,110
WI,2004,231,8/18/04,1,1,1,,20.7,9.1,107.7
WI,2004,231,8/18/04,2,1,1,,20.6,7.9,93.3
WI,2004,231,8/18/04,3,1,1,,20,4.9,57.2
WI,2004,231,8/18/04,3.8,1,1,,20,0.4,4.7
WI,2004,282,10/8/04,0,1,1,,15.7,9.8,104.7
WI,2004,282,10/8/04,1,1,1,,15.7,9.8,104.7
WI,2004,282,10/8/04,2,1,1,,15.7,9.8,104.7
WI,2004,282,10/8/04,3,1,1,,15.6,9.8,104.4
WI,2004,282,10/8/04,3.5,1,1,,15.6,6.1,65
WI,2004,313,11/8/04,0,1,1,,8.8,10.5,95.9
WI,2004,313,11/8/04,1,1,1,,8.8,10.5,95.9
WI,2004,313,11/8/04,2,1,1,,8.8,10.5,95.9
WI,2004,313,11/8/04,3,1,1,,8.8,10.5,95.9
WI,2004,313,11/8/04,3.5,1,1,,8.8,7.1,64.9
WI,2005,40,2/9/05,0,1,1,,2.1,10,77
WI,2005,40,2/9/05,1,1,1,,3.8,7,56.4
WI,2005,40,2/9/05,2,1,1,,3.8,3.6,29
WI,2005,40,2/9/05,3,1,1,,3.8,3,24.2
WI,2005,40,2/9/05,3.7,1,1,,3.8,2,16.1
WI,2005,101,4/11/05,0,1,1,,15,13,136.8
WI,2005,101,4/11/05,1,1,1,,15,13,136.8
WI,2005,101,4/11/05,2,1,1,,15,13,136.8
WI,2005,101,4/11/05,3,1,1,,15,13,136.8
WI,2005,101,4/11/05,3.6,1,1,,14.7,2.2,23
WI,2005,119,4/29/05,0,1,1,,11.6,11.5,112.2
WI,2005,119,4/29/05,1,1,1,,11.3,11.1,107.6
WI,2005,119,4/29/05,2,1,1,,11.3,10.4,100.8
WI,2005,119,4/29/05,3,1,1,,11.4,9.8,95.2
WI,2005,119,4/29/05,3.4,1,1,,11.4,1,9.7
WI,2005,132,5/12/05,0,1,1,,14.7,8.4,87.8
WI,2005,132,5/12/05,1,1,1,,14.7,8.4,87.8
WI,2005,132,5/12/05,2,1,1,,14.7,8.4,87.8
WI,2005,132,5/12/05,3,1,1,,14.7,8.2,85.7
WI,2005,132,5/12/05,3.6,1,1,,14.7,8.1,84.7
WI,2005,145,5/25/05,0,1,1,,19.7,12.3,142.7
WI,2005,145,5/25/05,1,1,1,,19.5,12.5,144.4
WI,2005,145,5/25/05,1.5,1,1,,19,12.7,145.3
WI,2005,145,5/25/05,2,1,1,,19,12.6,144.1
WI,2005,145,5/25/05,2.5,1,1,,18.7,10.6,120.5
WI,2005,145,5/25/05,3,1,1,,18,9.7,108.7
WI,2005,145,5/25/05,3.6,1,1,,18.1,8.7,97.7
WI,2005,159,6/8/05,0,1,1,,24.7,8.4,107.3
WI,2005,159,6/8/05,1,1,1,,24.6,8.4,107.1
WI,2005,159,6/8/05,2,1,1,,24.5,8.4,106.9
WI,2005,159,6/8/05,3,1,1,,24.4,8.4,106.7
WI,2005,159,6/8/05,3.6,1,1,,23.4,4.1,51.1
WI,2005,173,6/22/05,0,1,1,,26.5,10.8,142.6
WI,2005,173,6/22/05,1,1,1,,26.2,11,144.5
WI,2005,173,6/22/05,1.5,1,1,,26,10.9,142.6
WI,2005,173,6/22/05,2,1,1,,25.8,10.7,139.5
WI,2005,173,6/22/05,2.5,1,1,,25.6,10.4,135.1
WI,2005,173,6/22/05,3,1,1,,24.4,7.6,96.5
WI,2005,173,6/22/05,3.8,1,1,,23.7,1.2,15
WI,2005,187,7/6/05,0,1,1,,24.1,7.3,92.2
WI,2005,187,7/6/05,0.5,1,1,,24,7,88.3
WI,2005,187,7/6/05,1,1,1,,24,7.1,89.5
WI,2005,187,7/6/05,1.5,1,1,,24,7,88.3
WI,2005,187,7/6/05,2,1,1,,24,7.2,90.8
WI,2005,187,7/6/05,2.5,1,1,,24,6.9,87
WI,2005,187,7/6/05,3,1,1,,23.9,6.6,83.1
WI,2005,187,7/6/05,3.7,1,1,,23.8,4.5,56.5
WI,2005,203,7/22/05,0,1,1,,26.8,7.8,103.6
WI,2005,203,7/22/05,1,1,1,,26.4,7.8,102.8
WI,2005,203,7/22/05,2,1,1,,26.1,7.4,97
WI,2005,203,7/22/05,3,1,1,,25.9,6.6,86.2
WI,2005,203,7/22/05,3.6,1,1,,25.7,0.2,2.6
WI,2005,216,8/4/05,0,1,1,,27.2,7.3,97.6
WI,2005,216,8/4/05,1,1,1,,27.2,7.2,96.3
WI,2005,216,8/4/05,2,1,1,,27.1,7.1,94.8
WI,2005,216,8/4/05,3,1,1,,26.9,5.5,73.2
WI,2005,216,8/4/05,3.5,1,1,,26.8,0.4,5.3
WI,2005,228,8/16/05,0,1,1,,24.9,9.8,125.7
WI,2005,228,8/16/05,1,1,1,,24.6,9.4,119.9
WI,2005,228,8/16/05,2,1,1,,24.2,8.7,110.1
WI,2005,228,8/16/05,3,1,1,,24.1,7.8,98.5
WI,2005,228,8/16/05,3.7,1,1,,24.1,7.5,94.7
WI,2005,243,8/31/05,0,1,1,,24.3,8.8,111.6
WI,2005,243,8/31/05,1,1,1,,23.8,8.9,111.8
WI,2005,243,8/31/05,2,1,1,,23.5,8.5,106.2
WI,2005,243,8/31/05,3,1,1,,23.5,7.8,97.4
WI,2005,243,8/31/05,3.8,1,1,,23.6,0.1,1.3
WI,2005,272,9/29/05,0,1,1,,17.8,9,100.4
WI,2005,272,9/29/05,1,1,1,,17.8,8.8,98.2
WI,2005,272,9/29/05,2,1,1,,17.8,8.7,97.1
WI,2005,272,9/29/05,3,1,1,,17.8,8.5,94.9
WI,2005,272,9/29/05,3.5,1,1,,17.7,1,11.1
WI,2005,299,10/26/05,0,1,1,,10,10.2,95.9
WI,2005,299,10/26/05,1,1,1,,10,10.2,95.9
WI,2005,299,10/26/05,2,1,1,,9.9,10.2,95.7
WI,2005,299,10/26/05,3,1,1,,9.9,10,93.8
WI,2005,299,10/26/05,3.5,1,1,,9.9,2,18.8
WI,2005,326,11/22/05,0,1,1,,3.4,13.1,104.4
WI,2005,326,11/22/05,1,1,1,,3.4,13.1,104.4
WI,2005,326,11/22/05,2,1,1,,3.4,13,103.6
WI,2005,326,11/22/05,3,1,1,,3.4,13,103.6
WI,2005,326,11/22/05,3.5,1,1,,3.4,12.9,102.8
WI,2006,53,2/22/06,0,1,1,,3,,
WI,2006,53,2/22/06,1,1,1,,3.1,,
WI,2006,53,2/22/06,2,1,1,,3.1,,
WI,2006,53,2/22/06,3,1,1,,3,,
WI,2006,53,2/22/06,3.4,1,1,,3,,
WI,2006,100,4/10/06,0,1,1,,9.4,14.6,135.3
WI,2006,100,4/10/06,1,1,1,,9.4,14.5,134.4
WI,2006,100,4/10/06,2,1,1,,9.3,14.4,133.2
WI,2006,100,4/10/06,3,1,1,,9.3,14.2,131.3
WI,2006,100,4/10/06,3.7,1,1,,9.2,13.9,128.2
WI,2006,109,4/19/06,0,1,1,,14.1,10.9,112.5
WI,2006,109,4/19/06,1,1,1,,14.1,10.9,112.5
WI,2006,109,4/19/06,2,1,1,,14.1,10.7,110.4
WI,2006,109,4/19/06,3,1,1,,14.1,10.6,109.4
WI,2006,109,4/19/06,3.5,1,1,,14.1,8,82.5
WI,2006,128,5/8/06,0,1,1,,15.8,10.6,113.5
WI,2006,128,5/8/06,1,1,1,,15.8,10.3,110.2
WI,2006,128,5/8/06,2,1,1,,15.7,9.9,105.7
WI,2006,128,5/8/06,3,1,1,,15.6,9.1,97
WI,2006,128,5/8/06,3.5,1,1,,15,4.7,49.4
WI,2006,137,5/17/06,0,1,1,,14.1,11.8,121.7
WI,2006,137,5/17/06,1,1,1,,14,11.9,122.5
WI,2006,137,5/17/06,2,1,1,,13.6,11.3,115.3
WI,2006,137,5/17/06,3,1,1,,13,8.9,89.6
WI,2006,137,5/17/06,3.7,1,1,,12.8,8.1,81.2
WI,2006,152,6/1/06,0,1,1,,25.4,9.2,119.1
WI,2006,152,6/1/06,1,1,1,,24.2,9.1,115.2
WI,2006,152,6/1/06,2,1,1,,23.9,8.8,110.8
WI,2006,152,6/1/06,3,1,1,,20.4,6.1,71.8
WI,2006,152,6/1/06,3.9,1,1,,19.9,4.9,57.1
WI,2006,165,6/14/06,0,1,1,,22,11.6,140.8
WI,2006,165,6/14/06,1,1,1,,21.9,11.5,139.3
WI,2006,165,6/14/06,2,1,1,,20.9,9.8,116.4
WI,2006,165,6/14/06,3,1,1,,20.1,3.6,42.1
WI,2006,165,6/14/06,3.8,1,1,,20,2,23.3
WI,2006,179,6/28/06,0,1,1,,22.9,10.5,129.7
WI,2006,179,6/28/06,1,1,1,,22.8,10.6,130.6
WI,2006,179,6/28/06,2,1,1,,22.6,10,122.8
WI,2006,179,6/28/06,3,1,1,,22.2,7.2,87.7
WI,2006,179,6/28/06,3.4,1,1,,22.2,6.2,75.5
WI,2006,193,7/12/06,0,1,1,,24.2,9.2,116.4
WI,2006,193,7/12/06,1,1,1,,24,8.6,108.4
WI,2006,193,7/12/06,2,1,1,,23.6,7.3,91.4
WI,2006,193,7/12/06,3,1,1,,23.4,6.1,76
WI,2006,193,7/12/06,3.6,1,1,,23.1,4.7,58.3
WI,2006,207,7/26/06,0,1,1,,26.2,9.7,127.4
WI,2006,207,7/26/06,1,1,1,,25.9,9.1,118.9
WI,2006,207,7/26/06,2,1,1,,25.6,7.7,100
WI,2006,207,7/26/06,3,1,1,,25.3,6.7,86.5
WI,2006,207,7/26/06,3.6,1,1,,24.8,2,25.6
WI,2006,221,8/9/06,0,1,1,,26.7,9.3,123.2
WI,2006,221,8/9/06,1,1,1,,26.2,8.4,110.3
WI,2006,221,8/9/06,2,1,1,,26.1,7.2,94.4
WI,2006,221,8/9/06,3,1,1,,25.9,5,65.3
WI,2006,221,8/9/06,3.5,1,1,,25.9,4.5,58.8
WI,2006,234,8/22/06,0,1,1,,25.5,8.7,112.8
WI,2006,234,8/22/06,1,1,1,,24.2,8.4,106.3
WI,2006,234,8/22/06,2,1,1,,24,7.9,99.6
WI,2006,234,8/22/06,3,1,1,,23.9,7.3,91.9
WI,2006,234,8/22/06,3.3,1,1,,23.7,6.8,85.3
WI,2006,257,9/14/06,0,1,1,,18.1,9.4,105.6
WI,2006,257,9/14/06,1,1,1,,17,9.4,103.2
WI,2006,257,9/14/06,2,1,1,,17,8,87.8
WI,2006,257,9/14/06,3,1,1,,17.1,7.6,83.6
WI,2006,257,9/14/06,3.6,1,1,,17.1,5.1,56.1
WI,2006,277,10/4/06,0,1,1,,16.9,9.1,99.7
WI,2006,277,10/4/06,1,1,1,,17.1,9,99
WI,2006,277,10/4/06,2,1,1,,17,9,98.8
WI,2006,277,10/4/06,3,1,1,,17,9,98.8
WI,2006,277,10/4/06,3.5,1,1,,16.9,8.9,97.5
WI,2006,306,11/2/06,0,1,1,,4.9,11.8,97.8
WI,2006,306,11/2/06,1,1,1,,4.9,11.8,97.8
WI,2006,306,11/2/06,2,1,1,,4.9,11.8,97.8
WI,2006,306,11/2/06,3,1,1,,4.9,11.6,96.2
WI,2006,306,11/2/06,3.5,1,1,,4.9,11.5,95.4
WI,2006,332,11/28/06,0,1,1,,5.8,13.3,112.8
WI,2006,332,11/28/06,1,1,1,,5.8,13.3,112.8
WI,2006,332,11/28/06,2,1,1,,5.8,13.3,112.8
WI,2006,332,11/28/06,3,1,1,,5.7,13.3,112.6
WI,2006,332,11/28/06,3.5,1,1,,5.7,10.1,85.5
WI,2007,67,3/8/07,0,1,1,,0.9,16.2,120.6
WI,2007,67,3/8/07,1,1,1,,2.9,11.1,87.3
WI,2007,67,3/8/07,2,1,1,,3.6,5.9,47.3
WI,2007,67,3/8/07,3,1,1,,4,3.5,28.3
WI,2007,67,3/8/07,3.4,1,1,,4.5,0.8,6.6
WI,2007,93,4/3/07,0,1,1,,10,11.2,105.3
WI,2007,93,4/3/07,1,1,1,,10,11.2,105.3
WI,2007,93,4/3/07,2,1,1,,10,11.2,105.3
WI,2007,93,4/3/07,3,1,1,,10,11.2,105.3
WI,2007,93,4/3/07,3.5,1,1,,10,2.4,22.6
WI,2007,108,4/18/07,0,1,1,,10,14.7,138.2
WI,2007,108,4/18/07,1,1,1,,10,14.7,138.2
WI,2007,108,4/18/07,2,1,1,,10,14.7,138.2
WI,2007,108,4/18/07,3,1,1,,9.9,14.6,136.9
WI,2007,108,4/18/07,3.5,1,1,,9.9,10.1,94.7
WI,2007,123,5/3/07,0,1,1,,16.9,9.2,100.8
WI,2007,123,5/3/07,1,1,1,,16.9,9.2,100.8
WI,2007,123,5/3/07,2,1,1,,16.9,9.2,100.8
WI,2007,123,5/3/07,3,1,1,,16.9,9.2,100.8
WI,2007,123,5/3/07,3.5,1,1,,16.8,9.2,100.6
WI,2007,135,5/15/07,0,1,1,,19.5,9.6,110.9
WI,2007,135,5/15/07,1,1,1,,19.5,9.5,109.8
WI,2007,135,5/15/07,2,1,1,,19.5,9.5,109.8
WI,2007,135,5/15/07,3,1,1,,19.2,8.9,102.2
WI,2007,135,5/15/07,3.5,1,1,,19.2,8.8,101.1
WI,2007,150,5/30/07,0,1,1,,23,10.3,127.4
WI,2007,150,5/30/07,1,1,1,,22.9,10.3,127.2
WI,2007,150,5/30/07,2,1,1,,21.9,10.4,126
WI,2007,150,5/30/07,3,1,1,,20.5,6,70.7
WI,2007,150,5/30/07,3.6,1,1,,19.9,0.1,1.2
WI,2007,164,6/13/07,0,1,1,,25.6,10.3,133.8
WI,2007,164,6/13/07,1,1,1,,24.9,10,128.2
WI,2007,164,6/13/07,2,1,1,,24.1,9.1,115
WI,2007,164,6/13/07,3,1,1,,22.5,4.2,51.5
WI,2007,164,6/13/07,3.5,1,1,,22.1,2,24.3
WI,2007,177,6/26/07,0,1,1,,26.2,10,131.3
WI,2007,177,6/26/07,1,1,1,,25.6,9.9,128.6
WI,2007,177,6/26/07,2,1,1,,24.2,7.6,96.2
WI,2007,177,6/26/07,3,1,1,,23.4,3.5,43.6
WI,2007,177,6/26/07,3.4,1,1,,23.1,0.7,8.7
WI,2007,192,7/11/07,0,1,1,,26,7.2,94.2
WI,2007,192,7/11/07,1,1,1,,25.9,7.2,94
WI,2007,192,7/11/07,2,1,1,,25.9,7,91.4
WI,2007,192,7/11/07,3,1,1,,25.6,5.1,66.2
WI,2007,192,7/11/07,3.5,1,1,,25.6,0.4,5.2
WI,2007,205,7/24/07,0,1,1,,24.8,8.9,113.9
WI,2007,205,7/24/07,1,1,1,,24.9,8.7,111.6
WI,2007,205,7/24/07,2,1,1,,24.8,8.4,107.5
WI,2007,205,7/24/07,3,1,1,,24,4.7,59.3
WI,2007,205,7/24/07,3.4,1,1,,23.9,3.6,45.3
WI,2007,220,8/8/07,0,1,1,,25.7,7.9,102.8
WI,2007,220,8/8/07,1,1,1,,25.7,7.7,100.2
WI,2007,220,8/8/07,2,1,1,,25.7,7.4,96.3
WI,2007,220,8/8/07,3,1,1,,25.1,5.4,69.5
WI,2007,220,8/8/07,3.2,1,1,,24.4,1.2,15.2
WI,2007,233,8/21/07,0,1,1,,21.2,7.5,89.6
WI,2007,233,8/21/07,1,1,1,,21.2,7.4,88.4
WI,2007,233,8/21/07,2,1,1,,21.2,7.4,88.4
WI,2007,233,8/21/07,3,1,1,,21.2,7.3,87.2
WI,2007,233,8/21/07,3.6,1,1,,20.6,5,59
WI,2007,248,9/5/07,0,1,1,,25.3,9.7,125.3
WI,2007,248,9/5/07,1,1,1,,25,9.4,120.8
WI,2007,248,9/5/07,2,1,1,,24.8,9.1,116.5
WI,2007,248,9/5/07,3,1,1,,23.5,4.7,58.7
WI,2007,248,9/5/07,3.4,1,1,,23.3,0.5,6.2
WI,2007,276,10/3/07,0,1,1,,19.3,8.8,101.3
WI,2007,276,10/3/07,1,1,1,,19.2,8.3,95.3
WI,2007,276,10/3/07,2,1,1,,19,8.1,92.6
WI,2007,276,10/3/07,3,1,1,,18.7,7.8,88.7
WI,2007,276,10/3/07,3.5,1,1,,18.9,4.5,51.4
WI,2007,304,10/31/07,0,1,1,,11.4,10.3,100
WI,2007,304,10/31/07,1,1,1,,11.4,10.1,98.1
WI,2007,304,10/31/07,2,1,1,,11.4,10.1,98.1
WI,2007,304,10/31/07,3,1,1,,11.5,10.5,102.2
WI,2007,304,10/31/07,3.6,1,1,,11.7,8,78.2
WI,2008,49,2/18/08,0,1,1,,0.6,8.1,59.8
WI,2008,49,2/18/08,1,1,1,,2.7,3,23.5
WI,2008,49,2/18/08,2,1,1,,3.6,2.1,16.8
WI,2008,49,2/18/08,3,1,1,,4.7,0.9,7.4
WI,2008,49,2/18/08,3.5,1,1,,4.7,0.3,2.5
WI,2008,106,4/15/08,0,1,1,,8.2,14.5,130.6
WI,2008,106,4/15/08,1,1,1,,8.2,14.5,130.6
WI,2008,106,4/15/08,2,1,1,,8.2,14.5,130.6
WI,2008,106,4/15/08,3,1,1,,8.2,14.5,130.6
WI,2008,106,4/15/08,3.6,1,1,,8.2,13.8,124.3
WI,2008,120,4/29/08,0,1,1,,12.1,11.8,116.4
WI,2008,120,4/29/08,1,1,1,,12.1,11.6,114.5
WI,2008,120,4/29/08,2,1,1,,12,11.3,111.3
WI,2008,120,4/29/08,3,1,1,,12,11.3,111.3
WI,2008,120,4/29/08,3.6,1,1,,12,11.3,111.3
WI,2008,134,5/13/08,0,1,1,,15.5,11.4,121.2
WI,2008,134,5/13/08,1,1,1,,15.5,11.4,121.2
WI,2008,134,5/13/08,2,1,1,,15.5,11.4,121.2
WI,2008,134,5/13/08,3,1,1,,15.5,11.4,121.2
WI,2008,134,5/13/08,3.5,1,1,,15.4,11.2,118.9
WI,2008,150,5/29/08,0,1,1,,17.7,11,122.5
WI,2008,150,5/29/08,1,1,1,,17.7,11,122.5
WI,2008,150,5/29/08,2,1,1,,17.5,10.8,119.8
WI,2008,150,5/29/08,3,1,1,,17,10.8,118.6
WI,2008,150,5/29/08,3.5,1,1,,17.2,10.5,115.7
WI,2008,163,6/11/08,0,1,1,,22.1,8.8,107
WI,2008,163,6/11/08,1,1,1,,22.1,8.4,102.1
WI,2008,163,6/11/08,2,1,1,,21.9,8.1,98.1
WI,2008,163,6/11/08,3,1,1,,21.4,4.6,55.2
WI,2008,163,6/11/08,3.5,1,1,,20.8,1.8,21.3
WI,2008,177,6/25/08,0,1,1,,24,10,126.1
WI,2008,177,6/25/08,1,1,1,,23.9,9.9,124.6
WI,2008,177,6/25/08,2,1,1,,23.7,9.8,122.9
WI,2008,177,6/25/08,3,1,1,,22.4,4.2,51.4
WI,2008,177,6/25/08,3.5,1,1,,21.9,0.9,10.9
WI,2008,191,7/9/08,0,1,1,,24.9,7.5,96.2
WI,2008,191,7/9/08,1,1,1,,24.8,7.3,93.4
WI,2008,191,7/9/08,2,1,1,,24.6,7,89.3
WI,2008,191,7/9/08,3,1,1,,23.9,4.1,51.6
WI,2008,191,7/9/08,3.4,1,1,,23.4,0.1,1.2
WI,2008,204,7/22/08,0,1,1,,26.9,9.2,122.4
WI,2008,204,7/22/08,1,1,1,,26.6,9,119.1
WI,2008,204,7/22/08,1.5,1,1,,26.6,9,119.1
WI,2008,204,7/22/08,2,1,1,,26.8,8.9,118.2
WI,2008,204,7/22/08,2.5,1,1,,26.7,8.3,110
WI,2008,204,7/22/08,3,1,1,,25.4,2.1,27.2
WI,2008,204,7/22/08,3.5,1,1,,24.3,0.4,5.1
WI,2008,219,8/6/08,0,1,1,,26.1,7.9,103.6
WI,2008,219,8/6/08,1,1,1,,26.1,7.8,102.2
WI,2008,219,8/6/08,2,1,1,,26,7.5,98.1
WI,2008,219,8/6/08,3,1,1,,25.5,4.1,53.2
WI,2008,219,8/6/08,3.5,1,1,,25.4,3.2,41.4
WI,2008,232,8/19/08,0,1,1,,24.8,8.2,105
WI,2008,232,8/19/08,1,1,1,,24.7,8.4,107.3
WI,2008,232,8/19/08,2,1,1,,24.7,8.2,104.8
WI,2008,232,8/19/08,3,1,1,,24.4,7.8,99.1
WI,2008,232,8/19/08,3.8,1,1,,24,1.2,15.1
WI,2008,252,9/8/08,0,1,1,,20.8,7.7,91.3
WI,2008,252,9/8/08,1,1,1,,20.8,7.7,91.3
WI,2008,252,9/8/08,2,1,1,,20.8,7.7,91.3
WI,2008,252,9/8/08,3,1,1,,20.7,7.3,86.4
WI,2008,252,9/8/08,3.5,1,1,,20.7,3.3,39
WI,2008,280,10/6/08,0,1,1,,14.4,12,124.6
WI,2008,280,10/6/08,1,1,1,,14.4,12,124.6
WI,2008,280,10/6/08,2,1,1,,14.4,12.6,130.9
WI,2008,280,10/6/08,3,1,1,,14.4,13.1,136
WI,2008,280,10/6/08,3.5,1,1,,14.4,12.1,125.7
WI,2008,308,11/3/08,0,1,1,,9.7,13.3,124.2
WI,2008,308,11/3/08,1,1,1,,9.6,13.3,123.9
WI,2008,308,11/3/08,2,1,1,,9.5,13.3,123.6
WI,2008,308,11/3/08,3,1,1,,9.4,13.2,122.4
WI,2008,308,11/3/08,3.5,1,1,,9.4,11,102
WI,2009,47,2/16/09,0,1,1,,2.1,8.8,67.7
WI,2009,47,2/16/09,1,1,1,,4.7,7.8,64.3
WI,2009,47,2/16/09,2,1,1,,5,6.4,53.2
WI,2009,47,2/16/09,3,1,1,,4.8,4.6,38
WI,2009,47,2/16/09,3.5,1,1,,5.3,4,33.5
WI,2009,103,4/13/09,0,1,1,,9,13.5,123.9
WI,2009,103,4/13/09,1,1,1,,9,14,128.5
WI,2009,103,4/13/09,2,1,1,,9,14.6,134
WI,2009,103,4/13/09,3,1,1,,9,14.6,134
WI,2009,103,4/13/09,3.5,1,1,,9,14.6,134
WI,2009,119,4/29/09,0,1,1,,13.4,9.7,98.5
WI,2009,119,4/29/09,1,1,1,,13.4,9.6,97.5
WI,2009,119,4/29/09,2,1,1,,13.4,9.5,96.5
WI,2009,119,4/29/09,3,1,1,,13.4,9.4,95.5
WI,2009,119,4/29/09,3.7,1,1,,13.4,6.6,67.1
WI,2009,132,5/12/09,0,1,1,,17,9.4,103.2
WI,2009,132,5/12/09,1,1,1,,16.9,9.4,103
WI,2009,132,5/12/09,2,1,1,,16.9,8.9,97.5
WI,2009,132,5/12/09,3,1,1,,16.9,8.1,88.7
WI,2009,132,5/12/09,3.8,1,1,,17.6,1.4,15.6
WI,2009,147,5/27/09,0,1,1,,19,8.2,93.8
WI,2009,147,5/27/09,1,1,1,,19,8.1,92.6
WI,2009,147,5/27/09,2,1,1,,19,8.1,92.6
WI,2009,147,5/27/09,3,1,1,,19,8,91.5
WI,2009,147,5/27/09,3.6,1,1,,19.1,4,45.8
WI,2009,162,6/11/09,0,1,1,,20.2,9.9,116
WI,2009,162,6/11/09,1,1,1,,19.8,10,116.2
WI,2009,162,6/11/09,2,1,1,,18.7,10.1,114.8
WI,2009,162,6/11/09,3,1,1,,18.2,3.2,36
WI,2009,162,6/11/09,3.5,1,1,,18.3,0.1,1.1
WI,2009,173,6/22/09,0,1,1,,25.6,9.1,118.2
WI,2009,173,6/22/09,1,1,1,,25.1,8.9,114.5
WI,2009,173,6/22/09,2,1,1,,24.7,8.4,107.3
WI,2009,173,6/22/09,3,1,1,,23.2,4.1,50.9
WI,2009,173,6/22/09,3.5,1,1,,22.1,1.4,17
WI,2009,188,7/7/09,0,1,1,,23.6,11.4,142.7
WI,2009,188,7/7/09,1,1,1,,22.3,11.3,137.9
WI,2009,188,7/7/09,2,1,1,,21.6,8.9,107.2
WI,2009,188,7/7/09,3,1,1,,20.8,3.2,37.9
WI,2009,188,7/7/09,3.5,1,1,,20.8,0.7,8.3
WI,2009,202,7/21/09,0,1,1,,22.2,10.6,129.2
WI,2009,202,7/21/09,1,1,1,,22,10.4,126.2
WI,2009,202,7/21/09,2,1,1,,21,9.2,109.5
WI,2009,202,7/21/09,3,1,1,,20.8,3.8,45.1
WI,2009,202,7/21/09,3.6,1,1,,21.3,1.5,18
WI,2009,215,8/3/09,0,1,1,,23.4,7.7,96
WI,2009,215,8/3/09,1,1,1,,23.4,7.7,96
WI,2009,215,8/3/09,2,1,1,,23.4,7.5,93.5
WI,2009,215,8/3/09,3,1,1,,23.3,7.7,95.8
WI,2009,215,8/3/09,3.6,1,1,,22.9,0.4,4.9
WI,2009,229,8/17/09,0,1,1,,25.5,7.4,95.9
WI,2009,229,8/17/09,1,1,1,,25.4,7.1,91.9
WI,2009,229,8/17/09,2,1,1,,25.3,6.5,84
WI,2009,229,8/17/09,3,1,1,,24.7,3.4,43.4
WI,2009,229,8/17/09,3.6,1,1,,24.1,1.2,15.2
WI,2009,243,8/31/09,0,1,1,,20.2,8.2,96.1
WI,2009,243,8/31/09,1,1,1,,19.9,8.2,95.5
WI,2009,243,8/31/09,2,1,1,,19.8,8.1,94.1
WI,2009,243,8/31/09,3,1,1,,19.7,7.7,89.3
WI,2009,243,8/31/09,3.6,1,1,,19.9,0.7,8.2
WI,2009,275,10/2/09,0,1,1,,14.7,9.5,99.3
WI,2009,275,10/2/09,1,1,1,,14.7,9.2,96.2
WI,2009,275,10/2/09,2,1,1,,14.7,9.2,96.2
WI,2009,275,10/2/09,3,1,1,,14.7,9.2,96.2
WI,2009,275,10/2/09,3.6,1,1,,15.7,1,10.7
WI,2009,308,11/4/09,0,1,1,,9.5,12.7,118
WI,2009,308,11/4/09,1,1,1,,9.5,12.7,118
WI,2009,308,11/4/09,2,1,1,,9.5,13,120.8
WI,2009,308,11/4/09,3,1,1,,9.8,13.1,122.6
WI,2009,308,11/4/09,3.7,1,1,,10.6,4.6,43.9
WI,2010,36,2/5/10,0,1,1,,1.7,10,76.1
WI,2010,36,2/5/10,1,1,1,,3.9,8.6,69.5
WI,2010,36,2/5/10,2,1,1,,4.2,4.4,35.8
WI,2010,36,2/5/10,3,1,1,,4.3,3.5,28.6
WI,2010,36,2/5/10,3.5,1,1,,5.3,0.1,0.8
WI,2010,89,3/30/10,0,1,1,,9.8,11.5,107.6
WI,2010,89,3/30/10,1,1,1,,9.7,11.5,107.4
WI,2010,89,3/30/10,2,1,1,,9.7,11.5,107.4
WI,2010,89,3/30/10,3,1,1,,9.7,11.5,107.4
WI,2010,89,3/30/10,3.6,1,1,,9.7,12.4,115.8
WI,2010,104,4/14/10,0,1,1,,12.5,12.3,122.5
WI,2010,104,4/14/10,1,1,1,,12.5,12.3,122.5
WI,2010,104,4/14/10,2,1,1,,12.5,12.3,122.5
WI,2010,104,4/14/10,3,1,1,,12.5,12.3,122.5
WI,2010,104,4/14/10,3.5,1,1,,12.7,12.6,126
WI,2010,117,4/27/10,0,1,1,,13.8,10.3,105.6
WI,2010,117,4/27/10,1,1,1,,13.8,10.3,105.6
WI,2010,117,4/27/10,2,1,1,,13.6,10.2,104.1
WI,2010,117,4/27/10,3,1,1,,13.5,10.4,105.9
WI,2010,117,4/27/10,3.5,1,1,,13.1,9.9,99.9
WI,2010,132,5/12/10,0,1,1,,12.1,9.1,89.8
WI,2010,132,5/12/10,1,1,1,,12.1,9.1,89.8
WI,2010,132,5/12/10,2,1,1,,12.1,9.1,89.8
WI,2010,132,5/12/10,3,1,1,,12.1,9.1,89.8
WI,2010,132,5/12/10,3.5,1,1,,12.1,8.8,86.8
WI,2010,146,5/26/10,0,1,1,,25,9.5,122
WI,2010,146,5/26/10,1,1,1,,24.6,9.5,121.1
WI,2010,146,5/26/10,2,1,1,,19.8,10.1,117.4
WI,2010,146,5/26/10,3,1,1,,17.6,2.3,25.6
WI,2010,146,5/26/10,3.5,1,1,,17.3,0.7,7.7
WI,2010,161,6/10/10,0,1,1,,22,7.2,87.4
WI,2010,161,6/10/10,1,1,1,,21.6,7.1,85.5
WI,2010,161,6/10/10,2,1,1,,21.5,6.8,81.7
WI,2010,161,6/10/10,3,1,1,,21.4,6.1,73.2
WI,2010,161,6/10/10,3.5,1,1,,21.1,3.8,45.3
WI,2010,173,6/22/10,0,1,1,,24.5,8.4,106.9
WI,2010,173,6/22/10,1,1,1,,24.4,8.3,105.4
WI,2010,173,6/22/10,2,1,1,,24.1,6,75.8
WI,2010,173,6/22/10,3,1,1,,22.6,3.8,46.7
WI,2010,173,6/22/10,3.6,1,1,,22.3,1.5,18.3
WI,2010,188,7/7/10,0,1,1,,26.6,7.4,97.9
WI,2010,188,7/7/10,1,1,1,,26.4,7.3,96.2
WI,2010,188,7/7/10,2,1,1,,26.1,5.1,66.9
WI,2010,188,7/7/10,3,1,1,,25.3,2.1,27.1
WI,2010,188,7/7/10,3.5,1,1,,24.7,2,25.6
WI,2010,202,7/21/10,0,1,1,,27.5,8.2,110.2
WI,2010,202,7/21/10,1,1,1,,27.4,8.2,110
WI,2010,202,7/21/10,2,1,1,,26.9,8.2,109.1
WI,2010,202,7/21/10,2.5,1,1,,26.7,6.2,82.2
WI,2010,202,7/21/10,3,1,1,,26.1,1.6,21
WI,2010,202,7/21/10,3.5,1,1,,25.9,1.4,18.3
WI,2010,217,8/5/10,0,1,1,,26.6,8.8,116.4
WI,2010,217,8/5/10,1,1,1,,26.5,8.3,109.6
WI,2010,217,8/5/10,2,1,1,,26.3,7.8,102.6
WI,2010,217,8/5/10,2.5,1,1,,26.2,7.5,98.5
WI,2010,217,8/5/10,3,1,1,,25.3,0.6,7.8
WI,2010,217,8/5/10,3.5,1,1,,24.9,0.1,1.3
WI,2010,229,8/17/10,0,1,1,,24.4,7.3,92.7
WI,2010,229,8/17/10,1,1,1,,24.4,7.1,90.2
WI,2010,229,8/17/10,2,1,1,,24.4,6.8,86.4
WI,2010,229,8/17/10,3,1,1,,23.9,5,62.9
WI,2010,229,8/17/10,3.6,1,1,,23.6,4.8,60.1
WI,2010,243,8/31/10,0,1,1,,25,7.8,100.2
WI,2010,243,8/31/10,1,1,1,,25,7.7,98.9
WI,2010,243,8/31/10,2,1,1,,24.9,7.4,94.9
WI,2010,243,8/31/10,3,1,1,,23.4,1.7,21.2
WI,2010,243,8/31/10,3.6,1,1,,23.1,1.4,17.4
WI,2010,281,10/8/10,0,1,1,,14.8,9.1,95.3
WI,2010,281,10/8/10,1,1,1,,14.8,9,94.3
WI,2010,281,10/8/10,2,1,1,,14.8,9,94.3
WI,2010,281,10/8/10,3,1,1,,14.6,8.7,90.7
WI,2010,281,10/8/10,3.5,1,1,,14.5,8.5,88.5
WI,2010,314,11/10/10,0,1,1,,8.6,13.7,124.6
WI,2010,314,11/10/10,1,1,1,,8.6,13.7,124.6
WI,2010,314,11/10/10,2,1,1,,8.4,13.7,124
WI,2010,314,11/10/10,3,1,1,,8.3,13.7,123.7
WI,2010,314,11/10/10,3.5,1,1,,8.3,7.7,69.5
WI,2011,27,1/27/11,0,1,1,,0.6,17.8,131.4
WI,2011,27,1/27/11,1,1,1,,2.9,14.6,114.8
WI,2011,27,1/27/11,2,1,1,,3.9,6.6,53.3
WI,2011,27,1/27/11,3,1,1,,4.5,2.4,19.7
WI,2011,27,1/27/11,3.5,1,1,,5.2,0.7,5.8
WI,2011,75,3/16/11,0,1,1,,2.3,22,170.2
WI,2011,75,3/16/11,1,1,1,,5.7,20,169.3
WI,2011,75,3/16/11,2,1,1,,5,7.4,61.5
WI,2011,75,3/16/11,3,1,1,,4.3,5.5,44.9
WI,2011,75,3/16/11,3.5,1,1,,4.1,4.3,34.9
WI,2011,110,4/20/11,0,1,1,,7,10.9,95.3
WI,2011,110,4/20/11,1,1,1,,7,10.8,94.4
WI,2011,110,4/20/11,2,1,1,,7,10.7,93.6
WI,2011,110,4/20/11,3,1,1,,7,10.6,92.7
WI,2011,110,4/20/11,3.5,1,1,,7,0.2,1.7
WI,2011,124,5/4/11,0,1,1,,11.8,12,117.6
WI,2011,124,5/4/11,1,1,1,,11.2,13.3,128.6
WI,2011,124,5/4/11,2,1,1,,11,13.8,132.8
WI,2011,124,5/4/11,3,1,1,,11,13.6,130.9
WI,2011,124,5/4/11,3.5,1,1,,11,12.7,122.2
WI,2011,138,5/18/11,0,1,1,,15,9.7,102.1
WI,2011,138,5/18/11,1,1,1,,15,9.6,101
WI,2011,138,5/18/11,2,1,1,,15,9.6,101
WI,2011,138,5/18/11,3,1,1,,15,9.2,96.8
WI,2011,138,5/18/11,3.5,1,1,,15,8.7,91.5
WI,2011,152,6/1/11,0,1,1,,19.3,9,103.6
WI,2011,152,6/1/11,1,1,1,,19.3,9.1,104.7
WI,2011,152,6/1/11,2,1,1,,19.2,8.5,97.6
WI,2011,152,6/1/11,3,1,1,,19.2,8.1,93
WI,2011,152,6/1/11,3.5,1,1,,19,7.3,83.5
WI,2011,166,6/15/11,0,1,1,,20.8,9.7,115
WI,2011,166,6/15/11,1,1,1,,20.8,9.9,117.4
WI,2011,166,6/15/11,2,1,1,,20.8,9.4,111.4
WI,2011,166,6/15/11,3,1,1,,20.8,9.4,111.4
WI,2011,166,6/15/11,3.5,1,1,,20.8,9.9,117.4
WI,2011,179,6/28/11,0,1,1,,22.1,9.5,115.5
WI,2011,179,6/28/11,1,1,1,,22,9.6,116.5
WI,2011,179,6/28/11,2,1,1,,22,9.7,117.7
WI,2011,179,6/28/11,3,1,1,,21.9,9.8,118.7
WI,2011,179,6/28/11,3.5,1,1,,21.8,9.7,117.3
WI,2011,194,7/13/11,0,1,1,,26,8.7,113.8
WI,2011,194,7/13/11,1,1,1,,26,8.5,111.2
WI,2011,194,7/13/11,2,1,1,,26,8.4,109.9
WI,2011,194,7/13/11,3,1,1,,26,8.4,109.9
WI,2011,194,7/13/11,3.2,1,1,,26,8.1,106
WI,2011,207,7/26/11,0,1,1,,27.8,7.8,105.4
WI,2011,207,7/26/11,1,1,1,,27.7,7.6,102.5
WI,2011,207,7/26/11,2,1,1,,27.6,7.2,97
WI,2011,207,7/26/11,3,1,1,,27.5,6.3,84.7
WI,2011,207,7/26/11,3.5,1,1,,27.4,6,80.5
WI,2011,222,8/10/11,0,1,1,,25.9,7.9,103.2
WI,2011,222,8/10/11,1,1,1,,25.5,7.3,94.6
WI,2011,222,8/10/11,2,1,1,,25.4,7,90.6
WI,2011,222,8/10/11,2.5,1,1,,25.3,7,90.4
WI,2011,222,8/10/11,3,1,1,,25.3,5.1,65.9
WI,2011,222,8/10/11,3.5,1,1,,25.1,0.1,1.3
WI,2011,235,8/23/11,0,1,1,,24.1,7.6,96
WI,2011,235,8/23/11,1,1,1,,24.1,7.7,97.3
WI,2011,235,8/23/11,2,1,1,,24.1,7.6,96
WI,2011,235,8/23/11,3,1,1,,24.1,7.7,97.3
WI,2011,235,8/23/11,3.2,1,1,,24.1,7.6,96
WI,2011,258,9/15/11,0,1,1,,19.4,12.1,139.5
WI,2011,258,9/15/11,1,1,1,,19.4,12.1,139.5
WI,2011,258,9/15/11,2,1,1,,19.2,12.1,139
WI,2011,258,9/15/11,3,1,1,,18.6,11.4,129.3
WI,2011,258,9/15/11,3.5,1,1,,18.6,11,124.8
WI,2011,278,10/5/11,0,1,1,,15.7,13.3,142
WI,2011,278,10/5/11,1,1,1,,14.7,13.3,139
WI,2011,278,10/5/11,2,1,1,,14.3,12.5,129.5
WI,2011,278,10/5/11,3,1,1,,14.3,12.5,129.5
WI,2011,278,10/5/11,3.5,1,1,,14.3,12.4,128.5
WI,2011,305,11/1/11,0,1,1,,8.7,13,118.5
WI,2011,305,11/1/11,1,1,1,,8.7,13,118.5
WI,2011,305,11/1/11,2,1,1,,8.7,13,118.5
WI,2011,305,11/1/11,3,1,1,,8.6,13,118.2
WI,2011,305,11/1/11,3.5,1,1,,8.6,13,118.2
WI,2012,47,2/16/12,0,1,1,,2.6,19.4,151.4
WI,2012,47,2/16/12,1,1,1,,4.5,19.4,159.2
WI,2012,47,2/16/12,2,1,1,,5.1,20,166.7
WI,2012,47,2/16/12,3,1,1,,5.7,16.6,140.5
WI,2012,47,2/16/12,3.5,1,1,,5.9,18.9,160.8
WI,2012,95,4/4/12,0,1,1,,12.8,11.8,118.3
WI,2012,95,4/4/12,1,1,1,,12.8,11.8,118.3
WI,2012,95,4/4/12,2,1,1,,12.8,12,120.3
WI,2012,95,4/4/12,3,1,1,,12.8,12.1,121.3
WI,2012,95,4/4/12,3.5,1,1,,12.8,12.1,121.3
WI,2012,109,4/18/12,0,1,1,,14.1,10.4,107.3
WI,2012,109,4/18/12,1,1,1,,14.1,10.2,105.2
WI,2012,109,4/18/12,2,1,1,,14.1,10.2,105.2
WI,2012,109,4/18/12,3,1,1,,14.1,10.2,105.2
WI,2012,109,4/18/12,3.5,1,1,,14,8.5,87.5
WI,2012,124,5/3/12,0,1,1,,15.2,12.4,131
WI,2012,124,5/3/12,1,1,1,,15,12.4,130.5
WI,2012,124,5/3/12,2,1,1,,15,12.4,130.5
WI,2012,124,5/3/12,3,1,1,,14.9,12.3,129.1
WI,2012,124,5/3/12,3.5,1,1,,13.1,12.3,124.1
WI,2012,138,5/17/12,0,1,1,,19.5,11.3,130.6
WI,2012,138,5/17/12,1,1,1,,19.5,11.3,130.6
WI,2012,138,5/17/12,2,1,1,,19.4,11,126.8
WI,2012,138,5/17/12,3,1,1,,18.8,10.7,121.9
WI,2012,138,5/17/12,3.4,1,1,,18.8,10.7,121.9
WI,2012,151,5/30/12,0,1,1,,21.5,6.9,82.9
WI,2012,151,5/30/12,1,1,1,,21.6,6.8,81.9
WI,2012,151,5/30/12,2,1,1,,21.6,6.8,81.9
WI,2012,151,5/30/12,3,1,1,,21.6,6.9,83.1
WI,2012,151,5/30/12,3.3,1,1,,21.6,6.5,78.3
WI,2012,165,6/13/12,0,1,1,,23.3,8,99.5
WI,2012,165,6/13/12,1,1,1,,23.2,8.2,101.8
WI,2012,165,6/13/12,2,1,1,,22.8,8,98.6
WI,2012,165,6/13/12,3,1,1,,22.6,8.1,99.5
WI,2012,165,6/13/12,3.2,1,1,,22.6,7.7,94.5
WI,2012,178,6/26/12,0,1,1,,24.9,7.6,97.5
WI,2012,178,6/26/12,1,1,1,,24.8,7.7,98.6
WI,2012,178,6/26/12,2,1,1,,24.5,8.1,103.1
WI,2012,178,6/26/12,3,1,1,,24.4,7.7,97.8
WI,2012,178,6/26/12,3.2,1,1,,24.5,7.7,98
WI,2012,194,7/12/12,0,1,1,,27.7,8.7,117.4
WI,2012,194,7/12/12,1,1,1,,27.6,8.6,115.8
WI,2012,194,7/12/12,2,1,1,,27.5,8.3,111.6
WI,2012,194,7/12/12,3,1,1,,27.1,7,93.4
WI,2012,194,7/12/12,3.5,1,1,,27,6.8,90.6
WI,2012,206,7/24/12,0,1,1,,26.5,7.4,97.7
WI,2012,206,7/24/12,1,1,1,,26.5,7.3,96.4
WI,2012,206,7/24/12,2,1,1,,26.5,7.3,96.4
WI,2012,206,7/24/12,3,1,1,,25.7,0.6,7.8
WI,2012,206,7/24/12,3.4,1,1,,25.2,0.1,1.3
WI,2012,221,8/8/12,0,1,1,,26.2,5.9,77.5
WI,2012,221,8/8/12,1,1,1,,26.2,5.8,76.2
WI,2012,221,8/8/12,2,1,1,,26.2,5.7,74.9
WI,2012,221,8/8/12,3,1,1,,25.3,0.7,9
WI,2012,221,8/8/12,3.5,1,1,,24.9,2.4,30.8
WI,2012,237,8/24/12,0,1,1,,23.4,9.5,118.4
WI,2012,237,8/24/12,1,1,1,,23.4,9.3,115.9
WI,2012,237,8/24/12,2,1,1,,22.9,7.7,95.1
WI,2012,237,8/24/12,3,1,1,,22.2,5.9,71.9
WI,2012,237,8/24/12,3.4,1,1,,22,4.3,52.2
WI,2012,249,9/5/12,0,1,1,,23.8,5.8,72.9
WI,2012,249,9/5/12,1,1,1,,23.8,5.6,70.3
WI,2012,249,9/5/12,2,1,1,,23.8,5.6,70.3
WI,2012,249,9/5/12,3,1,1,,23.7,5.6,70.2
WI,2012,249,9/5/12,3.5,1,1,,23.7,5.2,65.2
WI,2012,276,10/2/12,0,1,1,,16.2,10.6,114.4
WI,2012,276,10/2/12,1,1,1,,16.1,10.7,115.3
WI,2012,276,10/2/12,2,1,1,,16,10.7,115
WI,2012,276,10/2/12,3,1,1,,16,10.7,115
WI,2012,276,10/2/12,3.5,1,1,,16,10.7,115
WI,2012,304,10/30/12,0,1,1,,9,10.6,97.3
WI,2012,304,10/30/12,1,1,1,,9,10.6,97.3
WI,2012,304,10/30/12,2,1,1,,9,10.6,97.3
WI,2012,304,10/30/12,3,1,1,,9,10.6,97.3
WI,2012,304,10/30/12,3.5,1,1,,9,10.6,97.3
WI,2013,56,2/25/13,0,1,1,,0.8,20.7,153.7
WI,2013,56,2/25/13,1,1,1,,4.5,17.6,144.4
WI,2013,56,2/25/13,2,1,1,,4.2,14.3,116.4
WI,2013,56,2/25/13,2.5,1,1,,,,
WI,2013,56,2/25/13,3,1,1,,3.1,10.2,80.7
WI,2013,56,2/25/13,3.2,1,1,,,,
WI,2013,56,2/25/13,3.5,1,1,,3.4,7.7,61.4
WI,2013,120,4/30/13,0,1,1,,13.9,13.4,137.6
WI,2013,120,4/30/13,1,1,1,,13.9,13.4,137.6
WI,2013,120,4/30/13,2,1,1,,13.8,13.6,139.4
WI,2013,120,4/30/13,3,1,1,,13.6,13.6,138.8
WI,2013,120,4/30/13,3.5,1,1,,13.6,13.7,139.8
WI,2013,135,5/15/13,0,1,1,,17.5,10.3,114.2
WI,2013,135,5/15/13,1,1,1,,17.1,10.1,111.1
WI,2013,135,5/15/13,2,1,1,,16.6,9.7,105.6
WI,2013,135,5/15/13,3,1,1,,14.5,8.6,89.5
WI,2013,135,5/15/13,3.5,1,1,,14.3,8.6,89.1
WI,2013,149,5/29/13,0,1,1,,18.4,9.6,108.5
WI,2013,149,5/29/13,1,1,1,,18.2,9.6,108
WI,2013,149,5/29/13,2,1,1,,18.1,9.6,107.8
WI,2013,149,5/29/13,3,1,1,,16.9,8.8,96.4
WI,2013,149,5/29/13,3.5,1,1,,16.9,9.2,100.8
WI,2013,163,6/12/13,0,1,1,,22.8,14.6,180
WI,2013,163,6/12/13,1,1,1,,22.7,14.5,178.4
WI,2013,163,6/12/13,2,1,1,,20.8,13.1,155.3
WI,2013,163,6/12/13,3,1,1,,19.6,7.1,82.2
WI,2013,163,6/12/13,3.5,1,1,,18.9,2.9,33.1
WI,2013,175,6/24/13,0,1,1,,24.5,9.5,120.9
WI,2013,175,6/24/13,1,1,1,,24.5,9.2,117.1
WI,2013,175,6/24/13,2,1,1,,24.3,8,101.4
WI,2013,175,6/24/13,3,1,1,,22.4,0.2,2.4
WI,2013,175,6/24/13,3.6,1,1,,21.2,0.2,2.4
WI,2013,191,7/10/13,0,1,1,,27.3,11.2,150
WI,2013,191,7/10/13,1,1,1,,27.1,10.9,145.5
WI,2013,191,7/10/13,2,1,1,,24.9,3.4,43.6
WI,2013,191,7/10/13,3,1,1,,22.2,0.1,1.2
WI,2013,191,7/10/13,3.7,1,1,,21.5,0.1,1.2
WI,2013,203,7/22/13,0,1,1,,27.3,9.4,125.9
WI,2013,203,7/22/13,1,1,1,,27.1,9.1,121.5
WI,2013,203,7/22/13,1.5,1,1,,26.7,8.2,108.7
WI,2013,203,7/22/13,2,1,1,,25.7,5.9,76.8
WI,2013,203,7/22/13,2.5,1,1,,25.1,2.1,27
WI,2013,203,7/22/13,3,1,1,,23.1,0.1,1.2
WI,2013,203,7/22/13,3.6,1,1,,21.6,0.1,1.2
WI,2013,220,8/8/13,0,1,1,,24.8,9.2,117.7
WI,2013,220,8/8/13,1,1,1,,24.6,9.3,118.6
WI,2013,220,8/8/13,1.5,1,1,,24.4,9.1,115.6
WI,2013,220,8/8/13,2,1,1,,24.3,8.9,112.9
WI,2013,220,8/8/13,2.5,1,1,,23.5,2.7,33.7
WI,2013,220,8/8/13,3,1,1,,21.5,0,0
WI,2013,220,8/8/13,3.6,1,1,,20.9,0,0
WI,2013,231,8/19/13,0,1,1,,24.8,11.8,151
WI,2013,231,8/19/13,1,1,1,,24.6,11.6,147.9
WI,2013,231,8/19/13,2,1,1,,23.5,9.9,123.7
WI,2013,231,8/19/13,2.5,1,1,,22.7,2.6,32
WI,2013,231,8/19/13,3,1,1,,22.1,0.1,1.2
WI,2013,231,8/19/13,3.5,1,1,,21.3,0.1,1.2
WI,2013,252,9/9/13,0,1,1,,23.9,7.7,96.9
WI,2013,252,9/9/13,1,1,1,,23.7,7.4,92.8
WI,2013,252,9/9/13,2,1,1,,23.6,6.9,86.3
WI,2013,252,9/9/13,2.5,1,1,,23.5,6.6,82.4
WI,2013,252,9/9/13,3,1,1,,23.3,5.4,67.2
WI,2013,252,9/9/13,3.6,1,1,,23.3,4.9,61
WI,2013,275,10/2/13,0,1,1,,20,9.7,113.2
WI,2013,275,10/2/13,1,1,1,,19.9,9.7,113
WI,2013,275,10/2/13,2,1,1,,19.6,9.3,107.7
WI,2013,275,10/2/13,3,1,1,,19.3,8.9,102.4
WI,2013,275,10/2/13,3.4,1,1,,19.3,8.5,97.8
WI,2013,304,10/31/13,0,1,1,,8.6,14.2,129.1
WI,2013,304,10/31/13,1,1,1,,8.5,14.2,128.8
WI,2013,304,10/31/13,2,1,1,,8.5,14,127
WI,2013,304,10/31/13,3,1,1,,8.4,13.9,125.8
WI,2013,304,10/31/13,3.5,1,1,,8.4,13.5,122.2
WI,2014,122,5/2/14,0,1,1,,9.9,10.6,99.4
WI,2014,122,5/2/14,1,1,1,,9.9,10.6,99.4
WI,2014,122,5/2/14,2,1,1,,9.9,10.6,99.4
WI,2014,122,5/2/14,3,1,1,,9.9,10.3,96.6
WI,2014,122,5/2/14,3.6,1,1,,10,9.1,85.6
WI,2014,135,5/15/14,0,1,1,,15.5,9.1,96.8
WI,2014,135,5/15/14,1,1,1,,15.6,9,95.9
WI,2014,135,5/15/14,2,1,1,,15.6,9,95.9
WI,2014,135,5/15/14,3,1,1,,15.5,8.7,92.5
WI,2014,135,5/15/14,3.5,1,1,,15.4,8.5,90.2
WI,2014,154,6/3/14,0,1,1,,23.6,8.1,101.4
WI,2014,154,6/3/14,1,1,1,,23.5,8.1,101.2
WI,2014,154,6/3/14,2,1,1,,23.2,7.8,96.9
WI,2014,154,6/3/14,3,1,1,,21.4,0,0
WI,2014,154,6/3/14,3.7,1,1,,20.8,0,0
WI,2014,163,6/12/14,0,1,1,,22,9.4,114.1
WI,2014,163,6/12/14,1,1,1,,22,9.3,112.9
WI,2014,163,6/12/14,2,1,1,,21.9,8.9,107.8
WI,2014,163,6/12/14,3,1,1,,21.8,8.7,105.2
WI,2014,163,6/12/14,3.2,1,1,,21.8,8.3,100.3
WI,2014,175,6/24/14,0,1,1,,25.9,12.9,168.5
WI,2014,175,6/24/14,1,1,1,,25.5,12.4,160.8
WI,2014,175,6/24/14,1.5,1,1,,25.1,9.7,124.8
WI,2014,175,6/24/14,2,1,1,,23.6,3.9,48.8
WI,2014,175,6/24/14,3,1,1,,22.1,0,0
WI,2014,175,6/24/14,3.5,1,1,,21.5,0,0
WI,2014,191,7/10/14,0,1,1,,24.1,9.2,116.2
WI,2014,191,7/10/14,1,1,1,,24,9.2,116
WI,2014,191,7/10/14,2,1,1,,23.9,8.4,105.7
WI,2014,191,7/10/14,3,1,1,,23.4,3.4,42.4
WI,2014,191,7/10/14,3.5,1,1,,22.9,0.3,3.7
WI,2014,204,7/23/14,0,1,1,,24.9,9.2,118
WI,2014,204,7/23/14,1,1,1,,24.9,9.1,116.7
WI,2014,204,7/23/14,2,1,1,,24.8,8.9,113.9
WI,2014,204,7/23/14,3,1,1,,22.7,0.8,9.8
WI,2014,204,7/23/14,3.6,1,1,,21.9,0.2,2.4
WI,2014,218,8/6/14,0,1,1,,24.6,9.8,125
WI,2014,218,8/6/14,1,1,1,,24,9.3,117.3
WI,2014,218,8/6/14,2,1,1,,23.7,9.2,115.3
WI,2014,218,8/6/14,3,1,1,,23.1,0.2,2.5
WI,2014,218,8/6/14,3.5,1,1,,22.5,0.2,2.5
WI,2014,231,8/19/14,0,1,1,,24.3,9.2,116.7
WI,2014,231,8/19/14,1,1,1,,24.1,9.1,115
WI,2014,231,8/19/14,2,1,1,,23.9,8.8,110.8
WI,2014,231,8/19/14,3,1,1,,23.9,8.4,105.7
WI,2014,231,8/19/14,3.5,1,1,,23.5,7.5,93.7
WI,2014,251,9/8/14,0,1,1,,22.8,9.6,118.3
WI,2014,251,9/8/14,1,1,1,,22.7,9.4,115.6
WI,2014,251,9/8/14,2,1,1,,22.7,1.4,17.2
WI,2014,251,9/8/14,3,1,1,,21.8,0.6,7.3
WI,2014,251,9/8/14,3.5,1,1,,21.2,0.7,8.4
WI,2014,273,9/30/14,0,1,1,,18.7,10.5,119.4
WI,2014,273,9/30/14,1,1,1,,18.7,10.4,118.2
WI,2014,273,9/30/14,2,1,1,,18.7,10.1,114.8
WI,2014,273,9/30/14,3,1,1,,18.7,10.2,116
WI,2014,273,9/30/14,3.2,1,1,,18.7,10.2,116
WI,2014,307,11/3/14,0,1,1,,7.5,13,115.1
WI,2014,307,11/3/14,1,1,1,,7.5,13.1,116
WI,2014,307,11/3/14,2,1,1,,7.5,13.2,116.9
WI,2014,307,11/3/14,3,1,1,,7.5,13.3,117.7
WI,2014,307,11/3/14,3.6,1,1,,7.5,13.3,117.7
WI,2015,28,1/28/15,0,1,1,,2.5,27.3,212.4
WI,2015,28,1/28/15,1,1,1,,4.7,18.8,155.1
WI,2015,28,1/28/15,2,1,1,,5.4,9,75.6
WI,2015,28,1/28/15,3,1,1,,5.4,3.6,30.2
WI,2015,28,1/28/15,3.5,1,1,,5.5,2.2,18.5
WI,2015,90,3/31/15,0,1,1,,5.8,15.1,128.1
WI,2015,90,3/31/15,1,1,1,,5.7,15.2,128.6
WI,2015,90,3/31/15,2,1,1,,5.5,14.7,123.8
WI,2015,90,3/31/15,3,1,1,,5.4,1.5,12.6
WI,2015,90,3/31/15,3.5,1,1,,5.4,0.4,3.4
WI,2015,107,4/17/15,0,1,1,,15.8,13.8,147.7
WI,2015,107,4/17/15,1,1,1,,15.3,13.9,147.2
WI,2015,107,4/17/15,2,1,1,,13.1,13.2,133.2
WI,2015,107,4/17/15,3,1,1,,12.8,11.9,119.3
WI,2015,107,4/17/15,3.6,1,1,,12.5,8,79.7
WI,2015,117,4/27/15,0,1,1,,11.3,12.5,121.1
WI,2015,117,4/27/15,1,1,1,,11.3,12.7,123.1
WI,2015,117,4/27/15,2,1,1,,11.1,3.3,31.8
WI,2015,117,4/27/15,3,1,1,,9.6,0.8,7.5
WI,2015,117,4/27/15,3.5,1,1,,9.8,1.2,11.2
WI,2015,132,5/12/15,0,1,1,,16.4,9.3,100.8
WI,2015,132,5/12/15,1,1,1,,16.4,9.3,100.8
WI,2015,132,5/12/15,2,1,1,,16.4,9.3,100.8
WI,2015,132,5/12/15,3,1,1,,16.4,9.3,100.8
WI,2015,132,5/12/15,3.5,1,1,,16.4,8.8,95.4
WI,2015,148,5/28/15,0,1,1,,20.8,10.2,120.9
WI,2015,148,5/28/15,1,1,1,,20.6,10.1,119.3
WI,2015,148,5/28/15,2,1,1,,20.3,10.3,120.9
WI,2015,148,5/28/15,3,1,1,,18.9,5.8,66.2
WI,2015,148,5/28/15,3.5,1,1,,18.6,0.3,3.4
WI,2015,162,6/11/15,0,1,1,,23.8,10.3,129.4
WI,2015,162,6/11/15,1,1,1,,23.8,10.5,131.9
WI,2015,162,6/11/15,1.5,1,1,,23.8,10.5,131.9
WI,2015,162,6/11/15,2,1,1,,23.8,9.8,123.1
WI,2015,162,6/11/15,3,1,1,,21.2,2,23.9
WI,2015,162,6/11/15,3.5,1,1,,20.7,0.3,3.5
WI,2015,175,6/24/15,0,1,1,,25.5,9.2,119.3
WI,2015,175,6/24/15,1,1,1,,24.2,10.1,127.8
WI,2015,175,6/24/15,2,1,1,,23.9,9,113.3
WI,2015,175,6/24/15,2.5,1,1,,23.5,6,74.9
WI,2015,175,6/24/15,3,1,1,,23.1,4.1,50.8
WI,2015,175,6/24/15,3.6,1,1,,22.7,1.2,14.8
WI,2015,191,7/10/15,0,1,1,,24.8,10.6,135.7
WI,2015,191,7/10/15,0.5,1,1,,23.6,11.5,143.9
WI,2015,191,7/10/15,1,1,1,,23.4,11.5,143.4
WI,2015,191,7/10/15,1.5,1,1,,23.2,10.3,127.9
WI,2015,191,7/10/15,2,1,1,,23,10,123.7
WI,2015,191,7/10/15,2.5,1,1,,22.6,6.6,81
WI,2015,191,7/10/15,3,1,1,,22,5.1,61.9
WI,2015,191,7/10/15,3.5,1,1,,22,0,0
WI,2015,204,7/23/15,0,1,1,,26,9.6,125.6
WI,2015,204,7/23/15,1,1,1,,25.1,9.4,121
WI,2015,204,7/23/15,1.5,1,1,,24.9,9.4,120.5
WI,2015,204,7/23/15,2,1,1,,24.7,8.7,111.1
WI,2015,204,7/23/15,2.5,1,1,,24.2,2.9,36.7
WI,2015,204,7/23/15,3,1,1,,23.9,1.7,21.4
WI,2015,204,7/23/15,3.7,1,1,,23.6,0,0
WI,2015,217,8/5/15,0,1,1,,25.9,8.3,108.4
WI,2015,217,8/5/15,1,1,1,,24.9,8.8,112.8
WI,2015,217,8/5/15,2,1,1,,24.7,7.9,100.9
WI,2015,217,8/5/15,2.5,1,1,,24.6,7.2,91.8
WI,2015,217,8/5/15,3,1,1,,24.5,5.1,64.9
WI,2015,217,8/5/15,3.6,1,1,,24.3,2.7,34.2
WI,2015,229,8/17/15,0,1,1,,26.5,8.4,110.9
WI,2015,229,8/17/15,1,1,1,,26.4,8.1,106.8
WI,2015,229,8/17/15,2,1,1,,26.3,8.1,106.6
WI,2015,229,8/17/15,2.5,1,1,,25.4,3.1,40.1
WI,2015,229,8/17/15,3,1,1,,25,0,0
WI,2015,229,8/17/15,3.3,1,1,,24.6,0,0
WI,2015,251,9/8/15,0,1,1,,24.6,6.5,82.9
WI,2015,251,9/8/15,1,1,1,,24.6,6.3,80.3
WI,2015,251,9/8/15,2,1,1,,24.5,5.8,73.8
WI,2015,251,9/8/15,3,1,1,,20.8,0.1,1.2
WI,2015,251,9/8/15,3.3,1,1,,20.7,0.1,1.2
WI,2015,288,10/15/15,0,1,1,,14.2,9.5,98.2
WI,2015,288,10/15/15,1,1,1,,14.2,9.5,98.2
WI,2015,288,10/15/15,2,1,1,,14.1,9.5,98
WI,2015,288,10/15/15,3,1,1,,14.1,9.5,98
WI,2015,288,10/15/15,3.5,1,1,,14.1,9.5,98
WI,2015,313,11/9/15,0,1,1,,10.2,12.5,118.1
WI,2015,313,11/9/15,1,1,1,,10.2,12.5,118.1
WI,2015,313,11/9/15,2,1,1,,10.2,12.5,118.1
WI,2015,313,11/9/15,3,1,1,,10.2,12.5,118.1
WI,2015,313,11/9/15,3.6,1,1,,10.2,12.4,117.1
WI,2016,36,2/5/16,0,1,1,,0.4,20.3,149
WI,2016,36,2/5/16,1,1,1,,4.5,21.3,174.8
WI,2016,36,2/5/16,2,1,1,,4.4,13.5,110.5
WI,2016,36,2/5/16,3,1,1,,4.5,7.1,58.3
WI,2016,36,2/5/16,3.6,1,1,,4.7,6.6,54.4
WI,2016,90,3/30/16,0,1,1,,8.8,11.3,103.3
WI,2016,90,3/30/16,1,1,1,,8.8,11.5,105.1
WI,2016,90,3/30/16,2,1,1,,8.7,11.8,107.6
WI,2016,90,3/30/16,3,1,1,,8.7,12,109.4
WI,2016,90,3/30/16,3.5,1,1,,8.7,11.9,108.5
WI,2016,105,4/14/16,0,1,1,,8.4,13.8,124.9
WI,2016,105,4/14/16,1,1,1,,8.2,14.1,127
WI,2016,105,4/14/16,2,1,1,,8.1,14.4,129.4
WI,2016,105,4/14/16,3,1,1,,7.9,14.7,131.4
WI,2016,105,4/14/16,3.5,1,1,,7.9,15,134.1
WI,2016,118,4/27/16,0,1,1,,13.6,8.9,90.8
WI,2016,118,4/27/16,1,1,1,,13.6,8.9,90.8
WI,2016,118,4/27/16,2,1,1,,13.5,8.9,90.6
WI,2016,118,4/27/16,3,1,1,,13.5,8.9,90.6
WI,2016,118,4/27/16,3.5,1,1,,13.5,8.8,89.6
WI,2016,137,5/16/16,0,1,1,,13.8,10,102.5
WI,2016,137,5/16/16,1,1,1,,13.8,10,102.5
WI,2016,137,5/16/16,2,1,1,,13.7,10.2,104.3
WI,2016,137,5/16/16,3,1,1,,13.7,10.1,103.3
WI,2016,137,5/16/16,3.6,1,1,,13.7,9.9,101.2
WI,2016,146,5/25/16,0,1,1,,22.4,12.6,154.1
WI,2016,146,5/25/16,1,1,1,,22.1,11.9,144.7
WI,2016,146,5/25/16,1.5,1,1,,20.9,14.6,173.4
WI,2016,146,5/25/16,2,1,1,,17.4,14.5,160.5
WI,2016,146,5/25/16,3,1,1,,15.4,11.8,125.2
WI,2016,146,5/25/16,3.6,1,1,,15.1,7.7,81.2
WI,2016,161,6/9/16,0,1,1,,21.1,9.5,113.3
WI,2016,161,6/9/16,1,1,1,,21.2,9.2,109.9
WI,2016,161,6/9/16,2,1,1,,21.1,9.1,108.5
WI,2016,161,6/9/16,3,1,1,,20.3,9.3,109.2
WI,2016,161,6/9/16,3.5,1,1,,19.4,0,0
WI,2016,173,6/21/16,0,1,1,,24.7,8.9,113.7
WI,2016,173,6/21/16,1,1,1,,24.7,8.7,111.1
WI,2016,173,6/21/16,2,1,1,,24.6,8.9,113.5
WI,2016,173,6/21/16,3,1,1,,23.4,2.9,36.2
WI,2016,173,6/21/16,3.5,1,1,,23.3,0,0
WI,2016,189,7/7/16,0,1,1,,25.4,8.4,108.7
WI,2016,189,7/7/16,1,1,1,,25.2,7.9,101.9
WI,2016,189,7/7/16,2,1,1,,24.5,6.2,78.9
WI,2016,189,7/7/16,3,1,1,,23.7,0.8,10
WI,2016,189,7/7/16,3.5,1,1,,23.2,0,0
WI,2016,202,7/20/16,0,1,1,,26.5,11,145.3
WI,2016,202,7/20/16,1,1,1,,26.4,10.6,139.7
WI,2016,202,7/20/16,2,1,1,,24.9,6.3,80.8
WI,2016,202,7/20/16,3,1,1,,23.6,1.1,13.8
WI,2016,202,7/20/16,3.6,1,1,,23.1,0,0
WI,2016,216,8/3/16,0,1,1,,27.5,12.1,162.7
WI,2016,216,8/3/16,1,1,1,,26.4,10.2,134.4
WI,2016,216,8/3/16,2,1,1,,24.3,2.4,30.4
WI,2016,216,8/3/16,3,1,1,,23.3,0,0
WI,2016,216,8/3/16,3.6,1,1,,22.8,0,0
WI,2016,230,8/17/16,0,1,1,,27.3,7.1,95.1
WI,2016,230,8/17/16,1,1,1,,26.4,8.3,109.4
WI,2016,230,8/17/16,2,1,1,,25.5,2.7,35
WI,2016,230,8/17/16,3,1,1,,23.8,0,0
WI,2016,230,8/17/16,3.6,1,1,,23.3,0,0
WI,2016,252,9/8/16,0,1,1,,23.8,5.7,71.6
WI,2016,252,9/8/16,1,1,1,,23.7,5.7,71.5
WI,2016,252,9/8/16,2,1,1,,23.4,4.9,61.1
WI,2016,252,9/8/16,3,1,1,,22.1,0,0
WI,2016,252,9/8/16,3.6,1,1,,21.8,0,0
WI,2016,273,9/29/16,0,1,1,,17,9.1,99.9
WI,2016,273,9/29/16,1,1,1,,16.9,9.1,99.7
WI,2016,273,9/29/16,2,1,1,,16.8,8.9,97.3
WI,2016,273,9/29/16,3,1,1,,16.7,8.8,96
WI,2016,273,9/29/16,3.5,1,1,,16.6,8.6,93.6
WI,2016,306,11/1/16,0,1,1,,12,9.5,93.5
WI,2016,306,11/1/16,1,1,1,,11.8,8.5,83.3
WI,2016,306,11/1/16,2,1,1,,11.7,8.4,82.1
WI,2016,306,11/1/16,2.5,1,1,,11.7,8.5,83.1
WI,2016,306,11/1/16,3,1,1,,11.7,8.3,81.2
WI,2016,306,11/1/16,3.6,1,1,,11.9,0.1,1
WI,2017,47,2/16/17,0,1,1,,0.8,17.7,131.4
WI,2017,47,2/16/17,1,1,1,,6.1,17.5,149.6
WI,2017,47,2/16/17,1.5,1,1,,5.6,8.5,71.8
WI,2017,47,2/16/17,2,1,1,,5.3,5.5,46.1
WI,2017,47,2/16/17,2.5,1,1,,4.5,3.8,31.2
WI,2017,47,2/16/17,3,1,1,,4.6,0.6,4.9
WI,2017,47,2/16/17,3.3,1,1,,5.4,0.6,5
WI,2017,108,4/18/17,0,1,1,,14.8,9.7,101.6
WI,2017,108,4/18/17,1,1,1,,14.9,9.5,99.7
WI,2017,108,4/18/17,2,1,1,,14.9,9.7,101.8
WI,2017,108,4/18/17,3,1,1,,14.9,9.7,101.8
WI,2017,108,4/18/17,3.7,1,1,,14.9,9.6,100.8
WI,2017,124,5/4/17,0,1,1,,12.4,10.9,108.3
WI,2017,124,5/4/17,1,1,1,,12.4,10.6,105.3
WI,2017,124,5/4/17,2,1,1,,11.8,10.4,101.9
WI,2017,124,5/4/17,3,1,1,,10.7,9.1,87
WI,2017,124,5/4/17,3.7,1,1,,10.6,8.4,80.1
WI,2017,138,5/18/17,0,1,1,,20.4,8.5,100
WI,2017,138,5/18/17,1,1,1,,20.4,8.4,98.8
WI,2017,138,5/18/17,2,1,1,,20.4,8.4,98.8
WI,2017,138,5/18/17,3,1,1,,20.4,8.3,97.6
WI,2017,138,5/18/17,3.6,1,1,,19.6,0,0
WI,2017,152,6/1/17,0,1,1,,19.2,9,103.4
WI,2017,152,6/1/17,1,1,1,,18.6,9.2,104.4
WI,2017,152,6/1/17,2,1,1,,18.3,8.6,97
WI,2017,152,6/1/17,3,1,1,,17.9,6.6,73.8
WI,2017,152,6/1/17,3.6,1,1,,17.4,0,0
WI,2017,165,6/14/17,0,1,1,,26.5,8,105.6
WI,2017,165,6/14/17,1,1,1,,26.4,7.6,100.2
WI,2017,165,6/14/17,1.5,1,1,,26.3,7.6,100
WI,2017,165,6/14/17,2,1,1,,26.2,6.9,90.6
WI,2017,165,6/14/17,2.5,1,1,,25.1,3.4,43.8
WI,2017,165,6/14/17,3,1,1,,24,2.2,27.7
WI,2017,165,6/14/17,3.6,1,1,,22,0,0
WI,2017,178,6/27/17,0,1,1,,21.3,6.8,81.4
WI,2017,178,6/27/17,1,1,1,,21.2,6.8,81.3
WI,2017,178,6/27/17,2,1,1,,21.2,7,83.6
WI,2017,178,6/27/17,3,1,1,,20.9,7,83.2
WI,2017,178,6/27/17,3.6,1,1,,20.9,6.3,74.8
WI,2017,193,7/12/17,0,1,1,,25.3,8.1,104.6
WI,2017,193,7/12/17,1,1,1,,25.2,8,103.2
WI,2017,193,7/12/17,1.5,1,1,,25.2,7.9,101.9
WI,2017,193,7/12/17,2,1,1,,25,6.9,88.6
WI,2017,193,7/12/17,2.5,1,1,,23.4,4.1,51.1
WI,2017,193,7/12/17,3,1,1,,22,0.7,8.5
WI,2017,193,7/12/17,3.7,1,1,,20.8,0,0
WI,2017,207,7/26/17,0,1,1,,24.2,6.7,84.8
WI,2017,207,7/26/17,1,1,1,,24.2,6.3,79.7
WI,2017,207,7/26/17,2,1,1,,24.2,5.8,73.4
WI,2017,207,7/26/17,3,1,1,,22.9,0,0
WI,2017,207,7/26/17,3.6,1,1,,21.9,0,0
WI,2017,221,8/9/17,0,1,1,,23.1,8.2,101.6
WI,2017,221,8/9/17,1,1,1,,23,8.3,102.7
WI,2017,221,8/9/17,1.5,1,1,,22.8,8.1,99.8
WI,2017,221,8/9/17,2,1,1,,22.2,1.6,19.5
WI,2017,221,8/9/17,3,1,1,,21.6,0,0
WI,2017,221,8/9/17,3.6,1,1,,21.2,0,0
WI,2017,233,8/21/17,0,1,1,,24.2,9.4,119
WI,2017,233,8/21/17,1,1,1,,23.7,8.6,107.8
WI,2017,233,8/21/17,1.5,1,1,,23.1,4.8,59.5
WI,2017,233,8/21/17,2,1,1,,22.7,1.9,23.4
WI,2017,233,8/21/17,2.5,1,1,,22.5,0.3,3.7
WI,2017,233,8/21/17,3,1,1,,22.1,0,0
WI,2017,233,8/21/17,3.6,1,1,,21.5,0,0
WI,2017,251,9/8/17,0,1,1,,17.8,7.2,80.4
WI,2017,251,9/8/17,1,1,1,,17.8,6.9,77
WI,2017,251,9/8/17,2,1,1,,17.8,6.7,74.8
WI,2017,251,9/8/17,3,1,1,,17.8,6.8,75.9
WI,2017,251,9/8/17,3.5,1,1,,18,0,0
WI,2017,275,10/2/17,0,1,1,,19.1,5.7,65.3
WI,2017,275,10/2/17,1,1,1,,19,5.6,64.1
WI,2017,275,10/2/17,2,1,1,,19,5.4,61.8
WI,2017,275,10/2/17,3,1,1,,18.8,4.7,53.5
WI,2017,275,10/2/17,3.6,1,1,,18.8,0,0
WI,2017,304,10/31/17,0,1,1,,7.1,15.2,133.2
WI,2017,304,10/31/17,1,1,1,,7.1,14.9,130.6
WI,2017,304,10/31/17,2,1,1,,7.1,15.1,132.4
WI,2017,304,10/31/17,3,1,1,,7.1,15,131.5
WI,2017,304,10/31/17,3.5,1,1,,7.2,0.1,0.9
WI,2018,57,2/26/18,0,1,1,,1,10.5,78.4
WI,2018,57,2/26/18,0.5,1,1,,3.6,10.2,81.7
WI,2018,57,2/26/18,1,1,1,,3.7,18.1,145.4
WI,2018,57,2/26/18,1.5,1,1,,4.2,8.6,70
WI,2018,57,2/26/18,2,1,1,,4.2,6.1,49.7
WI,2018,57,2/26/18,3,1,1,,4.1,6,48.7
WI,2018,57,2/26/18,3.6,1,1,,5.5,2,16.8
WI,2018,116,4/26/18,0,1,1,,12.6,17.2,171.7
WI,2018,116,4/26/18,1,1,1,,12.3,17.1,169.5
WI,2018,116,4/26/18,2,1,1,,11.6,16.9,164.9
WI,2018,116,4/26/18,3,1,1,,10.7,0.3,2.9
WI,2018,136,5/16/18,0,1,1,,20.4,12,141.2
WI,2018,136,5/16/18,1,1,1,,18.4,12.3,139
WI,2018,136,5/16/18,2,1,1,,16.6,10,108.9
WI,2018,136,5/16/18,3,1,1,,14.8,4.8,50.3
WI,2018,136,5/16/18,3.2,1,1,,14.6,4.6,48
WI,2018,151,5/31/18,0,1,1,,26,10.2,133.5
WI,2018,151,5/31/18,1,1,1,,25.9,10.1,131.9
WI,2018,151,5/31/18,1.5,1,1,,25.7,9.6,124.9
WI,2018,151,5/31/18,2,1,1,,22.9,8.2,101.3
WI,2018,151,5/31/18,2.5,1,1,,21.2,7.9,94.4
WI,2018,151,5/31/18,3,1,1,,19.2,5.2,59.7
WI,2018,151,5/31/18,3.6,1,1,,18.3,3.7,41.7
WI,2018,165,6/14/18,0,1,1,,23.1,10.4,128.9
WI,2018,165,6/14/18,1,1,1,,22.7,10,123
WI,2018,165,6/14/18,2,1,1,,22.5,8.7,106.6
WI,2018,165,6/14/18,3,1,1,,21.8,0.6,7.3
WI,2018,165,6/14/18,3.4,1,1,,21.3,0,0
WI,2018,179,6/28/18,0,1,1,,24.9,9.7,124.4
WI,2018,179,6/28/18,1,1,1,,23.6,9.3,116.4
WI,2018,179,6/28/18,1.5,1,1,,23.1,8.5,105.4
WI,2018,179,6/28/18,2,1,1,,22.1,4.1,49.9
WI,2018,179,6/28/18,2.5,1,1,,21.7,1.4,16.9
WI,2018,179,6/28/18,3,1,1,,21.5,0.3,3.6
WI,2018,194,7/13/18,0,1,1,,27.2,7.6,101.6
WI,2018,194,7/13/18,0.5,1,1,,27.2,7.2,96.3
WI,2018,194,7/13/18,1,1,1,,27.1,7,93.4
WI,2018,194,7/13/18,1.5,1,1,,27,6.9,91.9
WI,2018,194,7/13/18,2,1,1,,27,6.5,86.6
WI,2018,194,7/13/18,2.5,1,1,,26.7,3.3,43.7
WI,2018,194,7/13/18,3,1,1,,25.3,0.2,2.6
WI,2018,194,7/13/18,3.5,1,1,,24.3,0.2,2.5
WI,2018,205,7/24/18,0,1,1,,25,10.5,134.9
WI,2018,205,7/24/18,1,1,1,,24.7,11.4,145.6
WI,2018,205,7/24/18,2,1,1,,23.9,9,113.3
WI,2018,205,7/24/18,3,1,1,,23.1,1.9,23.6
WI,2018,205,7/24/18,3.6,1,1,,22.8,0,0
WI,2018,221,8/9/18,0,1,1,,24.4,7.7,97.8
WI,2018,221,8/9/18,1,1,1,,24.3,7.3,92.6
WI,2018,221,8/9/18,2,1,1,,24.1,6.3,79.6
WI,2018,221,8/9/18,3,1,1,,23.2,0,0
WI,2018,221,8/9/18,3.4,1,1,,22.9,0,0
WI,2018,233,8/21/18,0,1,1,,23.2,5.7,70.8
WI,2018,233,8/21/18,1,1,1,,23.2,5.7,70.8
WI,2018,233,8/21/18,2,1,1,,23.1,5.7,70.7
WI,2018,233,8/21/18,2.5,1,1,,23,5.6,69.3
WI,2018,233,8/21/18,3,1,1,,21.8,4.8,58
WI,2018,233,8/21/18,3.8,1,1,,20.9,4.8,57
WI,2018,249,9/6/18,0,1,1,,23.2,7.4,91.9
WI,2018,249,9/6/18,1,1,1,,23.2,7.2,89.4
WI,2018,249,9/6/18,2,1,1,,23.1,6.7,83.1
WI,2018,249,9/6/18,3,1,1,,23,6.4,79.2
WI,2018,249,9/6/18,3.7,1,1,,22.3,0.1,1.2
WI,2018,285,10/12/18,0,1,1,,13.1,11.7,118.1
WI,2018,285,10/12/18,1,1,1,,13.2,11.4,115.3
WI,2018,285,10/12/18,2,1,1,,13.2,11.3,114.3
WI,2018,285,10/12/18,3,1,1,,13.2,11.4,115.3
WI,2018,285,10/12/18,3.5,1,1,,13.8,0.1,1
WI,2018,305,11/1/18,0,1,1,,8.8,15.5,141.6
WI,2018,305,11/1/18,0.5,1,1,,8.8,14.6,133.4
WI,2018,305,11/1/18,1,1,1,,8.8,14.9,136.1
WI,2018,305,11/1/18,1.5,1,1,,8.8,15.1,138
WI,2018,305,11/1/18,2,1,1,,8.7,14.9,135.8
WI,2018,305,11/1/18,2.5,1,1,,8.7,14.8,134.9
WI,2018,305,11/1/18,3,1,1,,9,8.1,74.4
WI,2018,305,11/1/18,3.5,1,1,,10.3,0.2,1.9
WI,2019,60,3/1/19,0,1,1,,0.3,20.2,147.9
WI,2019,60,3/1/19,1,1,1,,4.3,6.9,56.3
WI,2019,60,3/1/19,2,1,1,,4.8,4.6,38
WI,2019,60,3/1/19,3,1,1,,3.7,7.5,60.3
WI,2019,60,3/1/19,3.4,1,1,,4.9,0.7,5.8
WI,2019,108,4/18/19,0,1,1,,9.6,14.3,133.2
WI,2019,108,4/18/19,1,1,1,,9.6,14.2,132.2
WI,2019,108,4/18/19,2,1,1,,9.6,14.3,133.2
WI,2019,108,4/18/19,3,1,1,,9.6,14,130.4
WI,2019,108,4/18/19,3.4,1,1,,9.7,13.7,127.9
WI,2019,121,5/1/19,0,1,1,,10.8,11.3,108.2
WI,2019,121,5/1/19,1,1,1,,10.8,11.3,108.2
WI,2019,121,5/1/19,2,1,1,,10.6,10.2,97.2
WI,2019,121,5/1/19,3,1,1,,10.6,9.9,94.4
WI,2019,121,5/1/19,3.2,1,1,,10.6,9.7,92.5
WI,2019,135,5/15/19,0,1,1,,17.1,12.3,135.3
WI,2019,135,5/15/19,1,1,1,,15.2,12.5,132.1
WI,2019,135,5/15/19,2,1,1,,14.7,12.3,128.6
WI,2019,135,5/15/19,3,1,1,,13.7,9.8,100.2
WI,2019,135,5/15/19,3.4,1,1,,13.8,9.6,98.4
WI,2019,150,5/30/19,0,1,1,,20.5,10.2,120.2
WI,2019,150,5/30/19,1,1,1,,19,9.6,109.8
WI,2019,150,5/30/19,2,1,1,,18.5,7.1,80.4
WI,2019,150,5/30/19,3,1,1,,18.2,5,56.3
WI,2019,150,5/30/19,3.4,1,1,,18.1,3.7,41.6
WI,2019,165,6/14/19,0,1,1,,20.1,9.3,108.7
WI,2019,165,6/14/19,1,1,1,,20.1,9.3,108.7
WI,2019,165,6/14/19,2,1,1,,20.1,9.1,106.4
WI,2019,165,6/14/19,3,1,1,,20.1,9.1,106.4
WI,2019,165,6/14/19,3.6,1,1,,20.1,0.4,4.7
WI,2019,177,6/26/19,0,1,1,,24.5,11.2,142.5
WI,2019,177,6/26/19,1,1,1,,22.4,10.8,132.1
WI,2019,177,6/26/19,2,1,1,,21.9,9.5,115.1
WI,2019,177,6/26/19,3,1,1,,21.4,4.6,55.2
WI,2019,177,6/26/19,3.6,1,1,,20.8,0.6,7.1
WI,2019,192,7/11/19,0,1,1,,26.9,7.4,98.4
WI,2019,192,7/11/19,1,1,1,,26.7,7.3,96.7
WI,2019,192,7/11/19,2,1,1,,26.4,6.8,89.6
WI,2019,192,7/11/19,3,1,1,,25.5,2.8,36.3
WI,2019,192,7/11/19,3.5,1,1,,24.4,0.3,3.8
WI,2019,205,7/24/19,0,1,1,,27.5,8.8,118.3
WI,2019,205,7/24/19,1,1,1,,25.8,8.6,112.1
WI,2019,205,7/24/19,2,1,1,,25.5,7.1,92.1
WI,2019,205,7/24/19,3,1,1,,25.3,4.7,60.7
WI,2019,205,7/24/19,3.5,1,1,,24.8,0.5,6.4
WI,2019,219,8/7/19,0,1,1,,26.2,7.2,94.6
WI,2019,219,8/7/19,1,1,1,,26.2,6.8,89.3
WI,2019,219,8/7/19,2,1,1,,26.1,6.1,80
WI,2019,219,8/7/19,3,1,1,,24.8,0.4,5.1
WI,2019,219,8/7/19,3.6,1,1,,24.5,0.4,5.1
WI,2019,231,8/19/19,0,1,1,,24.7,2.4,30.7
WI,2019,231,8/19/19,1,1,1,,24.3,2.3,29.2
WI,2019,231,8/19/19,2,1,1,,24.1,2.2,27.8
WI,2019,231,8/19/19,3,1,1,,23.9,1.8,22.7
WI,2019,231,8/19/19,3.4,1,1,,23.2,0.2,2.5
WI,2019,252,9/9/19,0,1,1,,19.7,8.9,103.2
WI,2019,252,9/9/19,1,1,1,,19.7,8.6,99.8
WI,2019,252,9/9/19,2,1,1,,19.6,8.6,99.6
WI,2019,252,9/9/19,3,1,1,,19.6,8,92.6
WI,2019,252,9/9/19,3.4,1,1,,19.6,0.1,1.2
WI,2019,282,10/9/19,0,1,1,,15.1,14.8,156
WI,2019,282,10/9/19,1,1,1,,15,15,157.8
WI,2019,282,10/9/19,2,1,1,,14.9,14.7,154.3
WI,2019,282,10/9/19,3,1,1,,14.8,11.6,121.5
WI,2019,282,10/9/19,3.4,1,1,,15.5,2.3,24.5
WI,2019,303,10/30/19,0,1,1,,7.4,16.3,144
WI,2019,303,10/30/19,1,1,1,,7.4,16.5,145.7
WI,2019,303,10/30/19,2,1,1,,7.4,16.4,144.8
WI,2019,303,10/30/19,3,1,1,,7.4,16.1,142.2
WI,2019,303,10/30/19,3.5,1,1,,7.9,12.1,108.2
WI,2020,52,2/21/20,0,1,1,,0.5,23.9,175.9
WI,2020,52,2/21/20,0.5,1,1,,4,12.1,98
WI,2020,52,2/21/20,1,1,1,,4.8,8,66.2
WI,2020,52,2/21/20,2,1,1,,5.5,2.8,23.6
WI,2020,52,2/21/20,3,1,1,,5.4,2.6,21.8
WI,2020,52,2/21/20,3.4,1,1,,5.7,2.3,19.5
WI,2020,160,6/8/20,0,1,1,,25.4,11.5,148.8
WI,2020,160,6/8/20,1,1,1,,25.2,11.3,145.7
WI,2020,160,6/8/20,2,1,1,,24.9,11.1,142.3
WI,2020,160,6/8/20,3,1,1,,22.7,4.4,54.1
WI,2020,160,6/8/20,3.5,1,1,,20.5,0,0
WI,2020,219,8/6/20,0,1,1,,24.3,13.4,169.9
WI,2020,219,8/6/20,1,1,1,,24.1,14.3,180.6
WI,2020,219,8/6/20,2,1,1,,22.8,8.9,109.7
WI,2020,219,8/6/20,3,1,1,,22.4,6,73.4
WI,2020,219,8/6/20,3.5,1,1,,22.3,0,0
WI,2020,276,10/2/20,0,1,1,,14.9,8.2,86.1
WI,2020,276,10/2/20,1,1,1,,14.8,8,83.8
WI,2020,276,10/2/20,2,1,1,,14.4,7.6,78.9
WI,2020,276,10/2/20,2.5,1,1,,14.3,7.6,78.8
WI,2020,276,10/2/20,3,1,1,,14.3,0,0
WI,2020,276,10/2/20,3.5,1,1,,15.1,0,0
WI,2020,316,11/11/20,0,1,1,,10.3,12.5,118.3
WI,2020,316,11/11/20,1,1,1,,10.3,12.2,115.5
WI,2020,316,11/11/20,2,1,1,,10.3,12.1,114.6
WI,2020,316,11/11/20,3,1,1,,10.2,12,113.3
WI,2020,316,11/11/20,3.5,1,1,,10.2,11.7,110.5
WI,2021,55,2/24/21,0,1,1,,0.4,9.3,68.3
WI,2021,55,2/24/21,1,1,1,,3.2,5.2,41.2
WI,2021,55,2/24/21,2,1,1,,3.2,4.6,36.5
WI,2021,55,2/24/21,3,1,1,,4.2,1.3,10.6
WI,2021,55,2/24/21,3.3,1,1,,4.2,1.3,10.6
WI,2021,105,4/15/21,0,1,1,,10.7,12.8,122.3
WI,2021,105,4/15/21,1,1,1,,10.6,12.5,119.2
WI,2021,105,4/15/21,2,1,1,,10.6,12.7,121.1
WI,2021,105,4/15/21,3,1,1,,10.6,12,114.4
WI,2021,105,4/15/21,3.5,1,1,,10.7,0.2,1.9
WI,2021,132,5/12/21,0,1,1,,17.1,11.6,127.6
WI,2021,132,5/12/21,1,1,1,,17,11.3,124
WI,2021,132,5/12/21,2,1,1,,16.9,11.9,130.4
WI,2021,132,5/12/21,3,1,1,,15.8,13.3,142.3
WI,2021,132,5/12/21,3.8,1,1,,15.9,0.6,6.4
WI,2021,155,6/4/21,0,1,1,,21.9,12.1,146.6
WI,2021,155,6/4/21,1,1,1,,21.7,12,144.8
WI,2021,155,6/4/21,1.5,1,1,,21.7,12.1,146
WI,2021,155,6/4/21,2,1,1,,21.6,12.3,148.1
WI,2021,155,6/4/21,2.5,1,1,,20.4,9.8,115.3
WI,2021,155,6/4/21,3,1,1,,17,6.8,74.6
WI,2021,155,6/4/21,3.5,1,1,,16.9,0.1,1.1
WI,2021,168,6/17/21,0,1,1,,25.9,11.9,155.4
WI,2021,168,6/17/21,1,1,1,,25.8,11.8,153.8
WI,2021,168,6/17/21,2,1,1,,25.8,11.7,152.5
WI,2021,168,6/17/21,3,1,1,,25.5,10.5,136.1
WI,2021,168,6/17/21,3.5,1,1,,25.4,0,0
WI,2021,183,7/2/21,0,1,1,,26.2,11,144.5
WI,2021,183,7/2/21,1,1,1,,26,11.1,145.2
WI,2021,183,7/2/21,2,1,1,,25.4,11.3,146.2
WI,2021,183,7/2/21,3,1,1,,24.3,6.3,79.9
WI,2021,183,7/2/21,3.5,1,1,,23.4,0,0
WI,2021,201,7/20/21,0,1,1,,26.2,12.2,160.2
WI,2021,201,7/20/21,1,1,1,,25.9,12,156.7
WI,2021,201,7/20/21,2,1,1,,24.4,9.4,119.4
WI,2021,201,7/20/21,3,1,1,,23.5,3.5,43.7
WI,2021,201,7/20/21,3.5,1,1,,23.2,0,0
WI,2021,210,7/29/21,0,1,1,,27.7,9.2,124.1
WI,2021,210,7/29/21,1,1,1,,27.5,8.5,114.3
WI,2021,210,7/29/21,2,1,1,,25.9,8.8,114.9
WI,2021,210,7/29/21,3,1,1,,25.4,3.9,50.5
WI,2021,210,7/29/21,3.5,1,1,,24.7,0.8,10.2
WI,2021,223,8/11/21,0,1,1,,24.7,6.8,86.9
WI,2021,223,8/11/21,1,1,1,,24.7,6.6,84.3
WI,2021,223,8/11/21,2,1,1,,24.7,6.5,83
WI,2021,223,8/11/21,3,1,1,,24.5,5.7,72.5
WI,2021,223,8/11/21,3.5,1,1,,23.7,1.1,13.8
WI,2021,245,9/2/21,0,1,1,,25.8,8.5,110.8
WI,2021,245,9/2/21,1,1,1,,25.3,8.7,112.4
WI,2021,245,9/2/21,2,1,1,,24.4,7.4,94
WI,2021,245,9/2/21,3,1,1,,24,3.7,46.7
WI,2021,245,9/2/21,3.5,1,1,,23.9,0,0
WI,2021,257,9/14/21,0,1,1,,21.4,10,120
WI,2021,257,9/14/21,1,1,1,,21.5,9.8,117.8
WI,2021,257,9/14/21,2,1,1,,21.4,9.7,116.4
WI,2021,257,9/14/21,3,1,1,,21.3,8.2,98.2
WI,2021,257,9/14/21,3.6,1,1,,19.6,2.2,25.5
WI,2021,278,10/5/21,0,1,1,,19.8,9.9,115.1
WI,2021,278,10/5/21,1,1,1,,19.8,9.7,112.7
WI,2021,278,10/5/21,2,1,1,,18.7,9.6,109.1
WI,2021,278,10/5/21,3,1,1,,19.7,8.7,100.9
WI,2021,278,10/5/21,3.5,1,1,,19.7,7.7,89.3
WI,2021,314,11/10/21,0,1,1,,8.8,15,137.1
WI,2021,314,11/10/21,1,1,1,,8.8,15.1,138
WI,2021,314,11/10/21,2,1,1,,8.8,15,137.1
WI,2021,314,11/10/21,3,1,1,,8.8,15.1,138
WI,2021,314,11/10/21,3.5,1,1,,8.8,0.2,1.8